+ set -euo pipefail
++ dirname scripts/e2e.sh
+ . scripts/lib.sh
+++ dirname scripts/lib.sh
++ cd scripts/..
+ e2e_begin
++ mktemp -d
+ DATA_DIR=/var/folders/dw/_2dd8rzs1_1dvtbbt2tdsxy80000gn/T/tmp.o7F1FlOjs8
+ E2E_HOME=/var/folders/dw/_2dd8rzs1_1dvtbbt2tdsxy80000gn/T/tmp.o7F1FlOjs8/e2e_home
+ mkdir -p /var/folders/dw/_2dd8rzs1_1dvtbbt2tdsxy80000gn/T/tmp.o7F1FlOjs8/e2e_home/.config/lll
+ '[' -f .lll.toml ']'
++ free_port 20000 39999
++ python3 -c '
import random, socket, sys
lo, hi = int(sys.argv[1]), int(sys.argv[2])
for _ in range(200):
    p = random.randint(lo, hi)
    s = socket.socket()
    try:
        s.bind(("127.0.0.1", p))
    except OSError:
        continue
    finally:
        s.close()
    print(p)
    sys.exit(0)
sys.exit("no free port in range")
' 20000 39999
+ PORT=35353
+ URL=http://127.0.0.1:35353
++ free_port 40000 59999
++ python3 -c '
import random, socket, sys
lo, hi = int(sys.argv[1]), int(sys.argv[2])
for _ in range(200):
    p = random.randint(lo, hi)
    s = socket.socket()
    try:
        s.bind(("127.0.0.1", p))
    except OSError:
        continue
    finally:
        s.close()
    print(p)
    sys.exit(0)
sys.exit("no free port in range")
' 40000 59999
+ WEB_PORT=52187
+ PB_LOG=/var/folders/dw/_2dd8rzs1_1dvtbbt2tdsxy80000gn/T/tmp.o7F1FlOjs8/pb.log
+ E2E_LOGS=/var/folders/dw/_2dd8rzs1_1dvtbbt2tdsxy80000gn/T/tmp.o7F1FlOjs8/pb.log
+ lis build

  ▲ Unused import
   ╭─[src/commands/serve_settings.lis:1:8]
 1 │ import "go:encoding/json"
   ·        ─────────┬────────
   ·                 ╰── never used
 2 │ import "go:crypto/rand"
   ╰────
  help: Use or remove this import · code: [lint.unused_import]

  ✓ Emit completed `lll` v0.1.0 (76ms)
  ✓ Binary at `target/.lisette/bin/lll`
+ LIN=target/.lisette/bin/lll
+ start_pb
+ PB_PID=47112
+ wait_ok http://127.0.0.1:35353/api/health 150
+ LLL_URL=http://127.0.0.1:35353
+ LLL_TEAM=ENG
+ USER=e2e
+ HOME=/var/folders/dw/_2dd8rzs1_1dvtbbt2tdsxy80000gn/T/tmp.o7F1FlOjs8/e2e_home
+ target/.lisette/bin/lll up --no-open --pb-dir /var/folders/dw/_2dd8rzs1_1dvtbbt2tdsxy80000gn/T/tmp.o7F1FlOjs8/pb_data --port 52187
++ seq 1 150
+ for _ in $(seq 1 "${2:-100}")
+ curl -sf http://127.0.0.1:35353/api/health
+ sleep 0.1
+ for _ in $(seq 1 "${2:-100}")
+ curl -sf http://127.0.0.1:35353/api/health
+ sleep 0.1
+ for _ in $(seq 1 "${2:-100}")
+ curl -sf http://127.0.0.1:35353/api/health
+ sleep 0.1
+ for _ in $(seq 1 "${2:-100}")
+ curl -sf http://127.0.0.1:35353/api/health
+ sleep 0.1
+ for _ in $(seq 1 "${2:-100}")
+ curl -sf http://127.0.0.1:35353/api/health
+ sleep 0.1
+ for _ in $(seq 1 "${2:-100}")
+ curl -sf http://127.0.0.1:35353/api/health
+ return 0
+ WATCH_PIDS=
+ trap cleanup EXIT
++ seed_team ENG Engineering
+++ python3 -c 'import urllib.parse,sys; print(urllib.parse.quote(f"key=\x27{sys.argv[1]}\x27"))' ENG
++ q=key%3D%27ENG%27
+++ curl -sf 'http://127.0.0.1:35353/api/collections/teams/records?filter=key%3D%27ENG%27'
+++ python3 -c 'import json,sys; it=json.load(sys.stdin)["items"]; print(it[0]["id"] if it else "")'
++ id=6kgytnhjol48jvk
++ '[' -z 6kgytnhjol48jvk ']'
++ named=
++ for _ in 1 2 3 4 5
++ curl -sf -X PATCH http://127.0.0.1:35353/api/collections/teams/records/6kgytnhjol48jvk -H 'Content-Type: application/json' -d '{"name":"Engineering"}'
+++ curl -sf http://127.0.0.1:35353/api/collections/teams/records/6kgytnhjol48jvk
+++ python3 -c 'import json,sys; print(json.load(sys.stdin)["name"])'
++ named=Engineering
++ '[' Engineering = Engineering ']'
++ break
++ '[' Engineering = Engineering ']'
++ printf %s 6kgytnhjol48jvk
+ ENG_ID=6kgytnhjol48jvk
++ seed_team OPS Operations
+++ python3 -c 'import urllib.parse,sys; print(urllib.parse.quote(f"key=\x27{sys.argv[1]}\x27"))' OPS
++ q=key%3D%27OPS%27
+++ curl -sf 'http://127.0.0.1:35353/api/collections/teams/records?filter=key%3D%27OPS%27'
+++ python3 -c 'import json,sys; it=json.load(sys.stdin)["items"]; print(it[0]["id"] if it else "")'
++ id=
++ '[' -z '' ']'
+++ curl -sf -X POST http://127.0.0.1:35353/api/collections/teams/records -H 'Content-Type: application/json' -d '{"key":"OPS","name":"Operations"}'
+++ python3 -c 'import json,sys
try: print(json.load(sys.stdin)["id"])
except Exception: print("")'
++ id=caz05njwadd283i
++ for _ in 1 2 3 4 5
++ '[' -n caz05njwadd283i ']'
++ break
++ '[' -n caz05njwadd283i ']'
++ named=
++ for _ in 1 2 3 4 5
++ curl -sf -X PATCH http://127.0.0.1:35353/api/collections/teams/records/caz05njwadd283i -H 'Content-Type: application/json' -d '{"name":"Operations"}'
+++ curl -sf http://127.0.0.1:35353/api/collections/teams/records/caz05njwadd283i
+++ python3 -c 'import json,sys; print(json.load(sys.stdin)["name"])'
++ named=Operations
++ '[' Operations = Operations ']'
++ break
++ '[' Operations = Operations ']'
++ printf %s caz05njwadd283i
+ OPS_ID=caz05njwadd283i
+ '[' -n 6kgytnhjol48jvk ']'
+ '[' -n caz05njwadd283i ']'
++ LLL_URL=http://127.0.0.1:35353
++ LLL_TEAM=ENG
++ target/.lisette/bin/lll issue create -t 'First engineering issue'
+ out='Created ENG-1: First engineering issue'
+ assert_contains 'Created ENG-1: First engineering issue' 'Created ENG-1: First engineering issue' 'create output'
+ printf %s 'Created ENG-1: First engineering issue'
+ grep -F -- 'Created ENG-1: First engineering issue'
++ LLL_URL=http://127.0.0.1:35353
++ target/.lisette/bin/lll issue list
+ out='ENG-1  ○ todo    First engineering issue    just now'
+ assert_contains 'ENG-1  ○ todo    First engineering issue    just now' ENG-1 'list shows ENG-1'
+ printf %s 'ENG-1  ○ todo    First engineering issue    just now'
+ grep -F -- ENG-1
+ assert_contains 'ENG-1  ○ todo    First engineering issue    just now' 'First engineering issue' 'list shows title'
+ printf %s 'ENG-1  ○ todo    First engineering issue    just now'
+ grep -F -- 'First engineering issue'
+ assert_contains 'ENG-1  ○ todo    First engineering issue    just now' todo 'list shows state'
+ printf %s 'ENG-1  ○ todo    First engineering issue    just now'
+ grep -F -- todo
++ LLL_URL=http://127.0.0.1:35353
++ LLL_TEAM=OPS
++ target/.lisette/bin/lll issue create -t 'First ops issue'
+ out='Created OPS-1: First ops issue'
+ assert_contains 'Created OPS-1: First ops issue' 'Created OPS-1' 'ops numbering starts at 1'
+ printf %s 'Created OPS-1: First ops issue'
+ grep -F -- 'Created OPS-1'
++ LLL_URL=http://127.0.0.1:35353
++ LLL_TEAM=ENG
++ target/.lisette/bin/lll issue create -t 'Second engineering issue'
+ out='Created ENG-2: Second engineering issue'
+ assert_contains 'Created ENG-2: Second engineering issue' 'Created ENG-2' 'eng numbering continues at 2'
+ printf %s 'Created ENG-2: Second engineering issue'
+ grep -F -- 'Created ENG-2'
++ LLL_URL=http://127.0.0.1:35353
++ target/.lisette/bin/lll issue list
+ out='ENG-1  ○ todo    First engineering issue     just now
OPS-1  ○ todo    First ops issue             just now
ENG-2  ○ todo    Second engineering issue    just now'
+ assert_contains 'ENG-1  ○ todo    First engineering issue     just now
OPS-1  ○ todo    First ops issue             just now
ENG-2  ○ todo    Second engineering issue    just now' ENG-1 'list has ENG-1'
+ printf %s 'ENG-1  ○ todo    First engineering issue     just now
OPS-1  ○ todo    First ops issue             just now
ENG-2  ○ todo    Second engineering issue    just now'
+ grep -F -- ENG-1
+ assert_contains 'ENG-1  ○ todo    First engineering issue     just now
OPS-1  ○ todo    First ops issue             just now
ENG-2  ○ todo    Second engineering issue    just now' ENG-2 'list has ENG-2'
+ printf %s 'ENG-1  ○ todo    First engineering issue     just now
OPS-1  ○ todo    First ops issue             just now
ENG-2  ○ todo    Second engineering issue    just now'
+ grep -F -- ENG-2
+ assert_contains 'ENG-1  ○ todo    First engineering issue     just now
OPS-1  ○ todo    First ops issue             just now
ENG-2  ○ todo    Second engineering issue    just now' OPS-1 'list has OPS-1'
+ printf %s 'ENG-1  ○ todo    First engineering issue     just now
OPS-1  ○ todo    First ops issue             just now
ENG-2  ○ todo    Second engineering issue    just now'
+ grep -F -- OPS-1
+ assert_not_contains 'ENG-1  ○ todo    First engineering issue     just now
OPS-1  ○ todo    First ops issue             just now
ENG-2  ○ todo    Second engineering issue    just now' OPS-2 'no OPS-2'
+ printf %s 'ENG-1  ○ todo    First engineering issue     just now
OPS-1  ○ todo    First ops issue             just now
ENG-2  ○ todo    Second engineering issue    just now'
+ grep -F -- OPS-2
+ true
++ curl -s -o /var/folders/dw/_2dd8rzs1_1dvtbbt2tdsxy80000gn/T/tmp.o7F1FlOjs8/forged.json -w '%{http_code}' -X POST http://127.0.0.1:35353/api/collections/issues/records -H 'Content-Type: application/json' -d '{"team":"6kgytnhjol48jvk","number":1,"title":"forged","state":"todo"}'
+ status=400
+ '[' 400 = 400 ']'
++ LLL_URL=http://127.0.0.1:35353
++ target/.lisette/bin/lll team list
+ out='ENG	Engineering
OPS	Operations'
+ assert_contains 'ENG	Engineering
OPS	Operations' ENG 'team list has ENG'
+ printf %s 'ENG	Engineering
OPS	Operations'
+ grep -F -- ENG
+ assert_contains 'ENG	Engineering
OPS	Operations' Engineering 'team list has name'
+ printf %s 'ENG	Engineering
OPS	Operations'
+ grep -F -- Engineering
+ assert_contains 'ENG	Engineering
OPS	Operations' OPS 'team list has OPS'
+ printf %s 'ENG	Engineering
OPS	Operations'
+ grep -F -- OPS
++ LLL_URL=http://127.0.0.1:35353
++ target/.lisette/bin/lll team create -k QA -n Quality
+ out='Created team QA: Quality'
+ assert_contains 'Created team QA: Quality' 'Created team QA: Quality' 'team create output'
+ printf %s 'Created team QA: Quality'
+ grep -F -- 'Created team QA: Quality'
++ LLL_URL=http://127.0.0.1:35353
++ target/.lisette/bin/lll team list
+ out='ENG	Engineering
OPS	Operations
QA	Quality'
+ assert_contains 'ENG	Engineering
OPS	Operations
QA	Quality' QA 'team list has created QA'
+ printf %s 'ENG	Engineering
OPS	Operations
QA	Quality'
+ grep -F -- QA
++ LLL_URL=http://127.0.0.1:35353
++ target/.lisette/bin/lll team view ENG
+ out='Key:    ENG
Name:   Engineering
Issues: 2'
+ assert_contains 'Key:    ENG
Name:   Engineering
Issues: 2' 'Key:    ENG' 'team view key'
+ printf %s 'Key:    ENG
Name:   Engineering
Issues: 2'
+ grep -F -- 'Key:    ENG'
+ assert_contains 'Key:    ENG
Name:   Engineering
Issues: 2' 'Name:   Engineering' 'team view name'
+ printf %s 'Key:    ENG
Name:   Engineering
Issues: 2'
+ grep -F -- 'Name:   Engineering'
+ assert_contains 'Key:    ENG
Name:   Engineering
Issues: 2' 'Issues: 2' 'team view issue count'
+ printf %s 'Key:    ENG
Name:   Engineering
Issues: 2'
+ grep -F -- 'Issues: 2'
++ LLL_URL=http://127.0.0.1:35353
++ LLL_TEAM=ENG
++ target/.lisette/bin/lll issue list
+ out='ENG-1  ○ todo    First engineering issue     just now
ENG-2  ○ todo    Second engineering issue    just now'
+ assert_contains 'ENG-1  ○ todo    First engineering issue     just now
ENG-2  ○ todo    Second engineering issue    just now' ENG-1 'scoped list has ENG-1'
+ printf %s 'ENG-1  ○ todo    First engineering issue     just now
ENG-2  ○ todo    Second engineering issue    just now'
+ grep -F -- ENG-1
+ assert_not_contains 'ENG-1  ○ todo    First engineering issue     just now
ENG-2  ○ todo    Second engineering issue    just now' OPS-1 'scoped list hides OPS-1'
+ printf %s 'ENG-1  ○ todo    First engineering issue     just now
ENG-2  ○ todo    Second engineering issue    just now'
+ grep -F -- OPS-1
+ true
+ LLL_ABS=/Users/bcm/dv/lll-wt-179/target/.lisette/bin/lll
+ WORK=/var/folders/dw/_2dd8rzs1_1dvtbbt2tdsxy80000gn/T/tmp.o7F1FlOjs8/work
+ FAKEHOME=/var/folders/dw/_2dd8rzs1_1dvtbbt2tdsxy80000gn/T/tmp.o7F1FlOjs8/home
+ mkdir -p /var/folders/dw/_2dd8rzs1_1dvtbbt2tdsxy80000gn/T/tmp.o7F1FlOjs8/work /var/folders/dw/_2dd8rzs1_1dvtbbt2tdsxy80000gn/T/tmp.o7F1FlOjs8/home/.config/lll
++ cd /var/folders/dw/_2dd8rzs1_1dvtbbt2tdsxy80000gn/T/tmp.o7F1FlOjs8/work
++ /Users/bcm/dv/lll-wt-179/target/.lisette/bin/lll config init
+ out='Wrote .lll.toml'
+ assert_contains 'Wrote .lll.toml' 'Wrote .lll.toml' 'config init output'
+ printf %s 'Wrote .lll.toml'
+ grep -F -- 'Wrote .lll.toml'
++ cat /var/folders/dw/_2dd8rzs1_1dvtbbt2tdsxy80000gn/T/tmp.o7F1FlOjs8/work/.lll.toml
+ assert_contains '# lll configuration
# Precedence: env vars (LLL_URL, LLL_TEAM, LLL_ME, LLL_SORT, LLL_WEB_URL,
# LLL_TOKEN) > this file > ~/.config/lll/lll.toml. The files layer: each
# supplies the keys it names, so a key left commented out here is inherited
# from the home config. '\''lll config --list'\'' shows every effective value and
# the file it came from.
#
# Committed at a repo root this file should carry '\''team'\'' and nothing else —
# '\''lll attach'\'' writes exactly that. '\''url'\'' and '\''me'\'' are facts about a machine
# and a person: set them once in ~/.config/lll/lll.toml.

# PocketBase server URL.
# url = "http://127.0.0.1:8090"

# Default team key. Scopes '\''lll issue list'\'' and is required by '\''lll issue create'\''.
# team = "ENG"

# Default sort for '\''lll issue list'\'': created, updated, priority, or number;
# prefix - for descending (e.g. "-updated").
# sort = "created"

# Who you are. Identity placeholder until auth exists. '\''lll up'\'' guesses this
# from $USER on first boot; fix it with '\''lll config set me <name>'\''.
# me = "bryan"

# Web board base URL, used by '\''lll board'\'' and '\''lll issue url'\'' / '\''view -w'\''.
# web_url = "http://127.0.0.1:8100"

# PocketBase auth token, sent as Authorization: Bearer on every request.
# A secret: set it in ~/.config/lll/lll.toml or LLL_TOKEN, never here —
# this file gets committed.
# token = ""' 'url = ' 'template mentions url'
+ printf %s '# lll configuration
# Precedence: env vars (LLL_URL, LLL_TEAM, LLL_ME, LLL_SORT, LLL_WEB_URL,
# LLL_TOKEN) > this file > ~/.config/lll/lll.toml. The files layer: each
# supplies the keys it names, so a key left commented out here is inherited
# from the home config. '\''lll config --list'\'' shows every effective value and
# the file it came from.
#
# Committed at a repo root this file should carry '\''team'\'' and nothing else —
# '\''lll attach'\'' writes exactly that. '\''url'\'' and '\''me'\'' are facts about a machine
# and a person: set them once in ~/.config/lll/lll.toml.

# PocketBase server URL.
# url = "http://127.0.0.1:8090"

# Default team key. Scopes '\''lll issue list'\'' and is required by '\''lll issue create'\''.
# team = "ENG"

# Default sort for '\''lll issue list'\'': created, updated, priority, or number;
# prefix - for descending (e.g. "-updated").
# sort = "created"

# Who you are. Identity placeholder until auth exists. '\''lll up'\'' guesses this
# from $USER on first boot; fix it with '\''lll config set me <name>'\''.
# me = "bryan"

# Web board base URL, used by '\''lll board'\'' and '\''lll issue url'\'' / '\''view -w'\''.
# web_url = "http://127.0.0.1:8100"

# PocketBase auth token, sent as Authorization: Bearer on every request.
# A secret: set it in ~/.config/lll/lll.toml or LLL_TOKEN, never here —
# this file gets committed.
# token = ""'
+ grep -F -- 'url = '
++ cat /var/folders/dw/_2dd8rzs1_1dvtbbt2tdsxy80000gn/T/tmp.o7F1FlOjs8/work/.lll.toml
+ assert_contains '# lll configuration
# Precedence: env vars (LLL_URL, LLL_TEAM, LLL_ME, LLL_SORT, LLL_WEB_URL,
# LLL_TOKEN) > this file > ~/.config/lll/lll.toml. The files layer: each
# supplies the keys it names, so a key left commented out here is inherited
# from the home config. '\''lll config --list'\'' shows every effective value and
# the file it came from.
#
# Committed at a repo root this file should carry '\''team'\'' and nothing else —
# '\''lll attach'\'' writes exactly that. '\''url'\'' and '\''me'\'' are facts about a machine
# and a person: set them once in ~/.config/lll/lll.toml.

# PocketBase server URL.
# url = "http://127.0.0.1:8090"

# Default team key. Scopes '\''lll issue list'\'' and is required by '\''lll issue create'\''.
# team = "ENG"

# Default sort for '\''lll issue list'\'': created, updated, priority, or number;
# prefix - for descending (e.g. "-updated").
# sort = "created"

# Who you are. Identity placeholder until auth exists. '\''lll up'\'' guesses this
# from $USER on first boot; fix it with '\''lll config set me <name>'\''.
# me = "bryan"

# Web board base URL, used by '\''lll board'\'' and '\''lll issue url'\'' / '\''view -w'\''.
# web_url = "http://127.0.0.1:8100"

# PocketBase auth token, sent as Authorization: Bearer on every request.
# A secret: set it in ~/.config/lll/lll.toml or LLL_TOKEN, never here —
# this file gets committed.
# token = ""' 'team = ' 'template mentions team'
+ printf %s '# lll configuration
# Precedence: env vars (LLL_URL, LLL_TEAM, LLL_ME, LLL_SORT, LLL_WEB_URL,
# LLL_TOKEN) > this file > ~/.config/lll/lll.toml. The files layer: each
# supplies the keys it names, so a key left commented out here is inherited
# from the home config. '\''lll config --list'\'' shows every effective value and
# the file it came from.
#
# Committed at a repo root this file should carry '\''team'\'' and nothing else —
# '\''lll attach'\'' writes exactly that. '\''url'\'' and '\''me'\'' are facts about a machine
# and a person: set them once in ~/.config/lll/lll.toml.

# PocketBase server URL.
# url = "http://127.0.0.1:8090"

# Default team key. Scopes '\''lll issue list'\'' and is required by '\''lll issue create'\''.
# team = "ENG"

# Default sort for '\''lll issue list'\'': created, updated, priority, or number;
# prefix - for descending (e.g. "-updated").
# sort = "created"

# Who you are. Identity placeholder until auth exists. '\''lll up'\'' guesses this
# from $USER on first boot; fix it with '\''lll config set me <name>'\''.
# me = "bryan"

# Web board base URL, used by '\''lll board'\'' and '\''lll issue url'\'' / '\''view -w'\''.
# web_url = "http://127.0.0.1:8100"

# PocketBase auth token, sent as Authorization: Bearer on every request.
# A secret: set it in ~/.config/lll/lll.toml or LLL_TOKEN, never here —
# this file gets committed.
# token = ""'
+ grep -F -- 'team = '
+ cd /var/folders/dw/_2dd8rzs1_1dvtbbt2tdsxy80000gn/T/tmp.o7F1FlOjs8/work
+ /Users/bcm/dv/lll-wt-179/target/.lisette/bin/lll config init
+ rm /var/folders/dw/_2dd8rzs1_1dvtbbt2tdsxy80000gn/T/tmp.o7F1FlOjs8/work/.lll.toml
+ SET_HOME=/var/folders/dw/_2dd8rzs1_1dvtbbt2tdsxy80000gn/T/tmp.o7F1FlOjs8/sethome
+ mkdir -p /var/folders/dw/_2dd8rzs1_1dvtbbt2tdsxy80000gn/T/tmp.o7F1FlOjs8/sethome
+ HOME_TOML=/var/folders/dw/_2dd8rzs1_1dvtbbt2tdsxy80000gn/T/tmp.o7F1FlOjs8/sethome/.config/lll/lll.toml
++ cd /var/folders/dw/_2dd8rzs1_1dvtbbt2tdsxy80000gn/T/tmp.o7F1FlOjs8/work
++ HOME=/var/folders/dw/_2dd8rzs1_1dvtbbt2tdsxy80000gn/T/tmp.o7F1FlOjs8/sethome
++ LLL_URL=http://127.0.0.1:35353
++ /Users/bcm/dv/lll-wt-179/target/.lisette/bin/lll config set me alice
+ out='me = "alice" in /var/folders/dw/_2dd8rzs1_1dvtbbt2tdsxy80000gn/T/tmp.o7F1FlOjs8/sethome/.config/lll/lll.toml
created member alice'
+ assert_contains 'me = "alice" in /var/folders/dw/_2dd8rzs1_1dvtbbt2tdsxy80000gn/T/tmp.o7F1FlOjs8/sethome/.config/lll/lll.toml
created member alice' 'me = "alice"' 'config set me output'
+ printf %s 'me = "alice" in /var/folders/dw/_2dd8rzs1_1dvtbbt2tdsxy80000gn/T/tmp.o7F1FlOjs8/sethome/.config/lll/lll.toml
created member alice'
+ grep -F -- 'me = "alice"'
+ assert_contains 'me = "alice" in /var/folders/dw/_2dd8rzs1_1dvtbbt2tdsxy80000gn/T/tmp.o7F1FlOjs8/sethome/.config/lll/lll.toml
created member alice' /var/folders/dw/_2dd8rzs1_1dvtbbt2tdsxy80000gn/T/tmp.o7F1FlOjs8/sethome/.config/lll/lll.toml 'config set me names the file it wrote'
+ printf %s 'me = "alice" in /var/folders/dw/_2dd8rzs1_1dvtbbt2tdsxy80000gn/T/tmp.o7F1FlOjs8/sethome/.config/lll/lll.toml
created member alice'
+ grep -F -- /var/folders/dw/_2dd8rzs1_1dvtbbt2tdsxy80000gn/T/tmp.o7F1FlOjs8/sethome/.config/lll/lll.toml
+ assert_contains 'me = "alice" in /var/folders/dw/_2dd8rzs1_1dvtbbt2tdsxy80000gn/T/tmp.o7F1FlOjs8/sethome/.config/lll/lll.toml
created member alice' 'created member alice' 'config set me seeds the member'
+ printf %s 'me = "alice" in /var/folders/dw/_2dd8rzs1_1dvtbbt2tdsxy80000gn/T/tmp.o7F1FlOjs8/sethome/.config/lll/lll.toml
created member alice'
+ grep -F -- 'created member alice'
++ cat /var/folders/dw/_2dd8rzs1_1dvtbbt2tdsxy80000gn/T/tmp.o7F1FlOjs8/sethome/.config/lll/lll.toml
+ assert_contains 'me = "alice"' 'me = "alice"' 'config set me wrote the key'
+ printf %s 'me = "alice"'
+ grep -F -- 'me = "alice"'
+ '[' '!' -e /var/folders/dw/_2dd8rzs1_1dvtbbt2tdsxy80000gn/T/tmp.o7F1FlOjs8/work/.lll.toml ']'
+ cd /var/folders/dw/_2dd8rzs1_1dvtbbt2tdsxy80000gn/T/tmp.o7F1FlOjs8/work
+ HOME=/var/folders/dw/_2dd8rzs1_1dvtbbt2tdsxy80000gn/T/tmp.o7F1FlOjs8/sethome
+ LLL_URL=http://127.0.0.1:35353
+ /Users/bcm/dv/lll-wt-179/target/.lisette/bin/lll config set me bob
++ grep -c '^me = ' /var/folders/dw/_2dd8rzs1_1dvtbbt2tdsxy80000gn/T/tmp.o7F1FlOjs8/sethome/.config/lll/lll.toml
+ '[' 1 = 1 ']'
++ cat /var/folders/dw/_2dd8rzs1_1dvtbbt2tdsxy80000gn/T/tmp.o7F1FlOjs8/sethome/.config/lll/lll.toml
+ assert_contains 'me = "bob"' 'me = "bob"' 'config set me replaced the value'
+ printf %s 'me = "bob"'
+ grep -F -- 'me = "bob"'
++ cd /var/folders/dw/_2dd8rzs1_1dvtbbt2tdsxy80000gn/T/tmp.o7F1FlOjs8/work
++ HOME=/var/folders/dw/_2dd8rzs1_1dvtbbt2tdsxy80000gn/T/tmp.o7F1FlOjs8/sethome
++ LLL_URL=http://127.0.0.1:35353
++ LLL_TEAM=ENG
++ /Users/bcm/dv/lll-wt-179/target/.lisette/bin/lll issue list
+ out='ENG-1  ○ todo    First engineering issue     just now
ENG-2  ○ todo    Second engineering issue    just now'
+ assert_contains 'ENG-1  ○ todo    First engineering issue     just now
ENG-2  ○ todo    Second engineering issue    just now' ENG-1 'config still parses after two config set me'
+ printf %s 'ENG-1  ○ todo    First engineering issue     just now
ENG-2  ○ todo    Second engineering issue    just now'
+ grep -F -- ENG-1
++ cd /var/folders/dw/_2dd8rzs1_1dvtbbt2tdsxy80000gn/T/tmp.o7F1FlOjs8/work
++ /Users/bcm/dv/lll-wt-179/target/.lisette/bin/lll config set url http://x
+ out='Error: cannot set '\''url'\'' — only '\''me'\'' is settable; '\''lll attach'\'' sets the team, and '\''lll config --list'\'' names the file to edit for the rest'
+ assert_contains 'Error: cannot set '\''url'\'' — only '\''me'\'' is settable; '\''lll attach'\'' sets the team, and '\''lll config --list'\'' names the file to edit for the rest' 'only '\''me'\'' is settable' 'config set rejects other keys'
+ printf %s 'Error: cannot set '\''url'\'' — only '\''me'\'' is settable; '\''lll attach'\'' sets the team, and '\''lll config --list'\'' names the file to edit for the rest'
+ grep -F -- 'only '\''me'\'' is settable'
+ printf 'url = "%s"\nme = "homer"\n' http://127.0.0.1:35353
+ printf 'team = "ENG"\n'
++ cd /var/folders/dw/_2dd8rzs1_1dvtbbt2tdsxy80000gn/T/tmp.o7F1FlOjs8/work
++ env -u LLL_URL -u LLL_TEAM -u LLL_ME -u LLL_SORT -u LLL_WEB_URL HOME=/var/folders/dw/_2dd8rzs1_1dvtbbt2tdsxy80000gn/T/tmp.o7F1FlOjs8/sethome /Users/bcm/dv/lll-wt-179/target/.lisette/bin/lll config --list
+ out='file:/var/folders/dw/_2dd8rzs1_1dvtbbt2tdsxy80000gn/T/tmp.o7F1FlOjs8/sethome/.config/lll/lll.toml	url=http://127.0.0.1:35353
file:.lll.toml	team=ENG
unset	sort=
file:/var/folders/dw/_2dd8rzs1_1dvtbbt2tdsxy80000gn/T/tmp.o7F1FlOjs8/sethome/.config/lll/lll.toml	me=homer
default	web_url=http://127.0.0.1:8100
unset	token='
+ assert_contains 'file:/var/folders/dw/_2dd8rzs1_1dvtbbt2tdsxy80000gn/T/tmp.o7F1FlOjs8/sethome/.config/lll/lll.toml	url=http://127.0.0.1:35353
file:.lll.toml	team=ENG
unset	sort=
file:/var/folders/dw/_2dd8rzs1_1dvtbbt2tdsxy80000gn/T/tmp.o7F1FlOjs8/sethome/.config/lll/lll.toml	me=homer
default	web_url=http://127.0.0.1:8100
unset	token=' 'file:/var/folders/dw/_2dd8rzs1_1dvtbbt2tdsxy80000gn/T/tmp.o7F1FlOjs8/sethome/.config/lll/lll.toml	url=http://127.0.0.1:35353' '--list attributes url to the home file'
+ printf %s 'file:/var/folders/dw/_2dd8rzs1_1dvtbbt2tdsxy80000gn/T/tmp.o7F1FlOjs8/sethome/.config/lll/lll.toml	url=http://127.0.0.1:35353
file:.lll.toml	team=ENG
unset	sort=
file:/var/folders/dw/_2dd8rzs1_1dvtbbt2tdsxy80000gn/T/tmp.o7F1FlOjs8/sethome/.config/lll/lll.toml	me=homer
default	web_url=http://127.0.0.1:8100
unset	token='
+ grep -F -- 'file:/var/folders/dw/_2dd8rzs1_1dvtbbt2tdsxy80000gn/T/tmp.o7F1FlOjs8/sethome/.config/lll/lll.toml	url=http://127.0.0.1:35353'
+ assert_contains 'file:/var/folders/dw/_2dd8rzs1_1dvtbbt2tdsxy80000gn/T/tmp.o7F1FlOjs8/sethome/.config/lll/lll.toml	url=http://127.0.0.1:35353
file:.lll.toml	team=ENG
unset	sort=
file:/var/folders/dw/_2dd8rzs1_1dvtbbt2tdsxy80000gn/T/tmp.o7F1FlOjs8/sethome/.config/lll/lll.toml	me=homer
default	web_url=http://127.0.0.1:8100
unset	token=' 'file:.lll.toml	team=ENG' '--list attributes team to the repo file'
+ printf %s 'file:/var/folders/dw/_2dd8rzs1_1dvtbbt2tdsxy80000gn/T/tmp.o7F1FlOjs8/sethome/.config/lll/lll.toml	url=http://127.0.0.1:35353
file:.lll.toml	team=ENG
unset	sort=
file:/var/folders/dw/_2dd8rzs1_1dvtbbt2tdsxy80000gn/T/tmp.o7F1FlOjs8/sethome/.config/lll/lll.toml	me=homer
default	web_url=http://127.0.0.1:8100
unset	token='
+ grep -F -- 'file:.lll.toml	team=ENG'
+ assert_contains 'file:/var/folders/dw/_2dd8rzs1_1dvtbbt2tdsxy80000gn/T/tmp.o7F1FlOjs8/sethome/.config/lll/lll.toml	url=http://127.0.0.1:35353
file:.lll.toml	team=ENG
unset	sort=
file:/var/folders/dw/_2dd8rzs1_1dvtbbt2tdsxy80000gn/T/tmp.o7F1FlOjs8/sethome/.config/lll/lll.toml	me=homer
default	web_url=http://127.0.0.1:8100
unset	token=' 'file:/var/folders/dw/_2dd8rzs1_1dvtbbt2tdsxy80000gn/T/tmp.o7F1FlOjs8/sethome/.config/lll/lll.toml	me=homer' '--list attributes me to the home file'
+ printf %s 'file:/var/folders/dw/_2dd8rzs1_1dvtbbt2tdsxy80000gn/T/tmp.o7F1FlOjs8/sethome/.config/lll/lll.toml	url=http://127.0.0.1:35353
file:.lll.toml	team=ENG
unset	sort=
file:/var/folders/dw/_2dd8rzs1_1dvtbbt2tdsxy80000gn/T/tmp.o7F1FlOjs8/sethome/.config/lll/lll.toml	me=homer
default	web_url=http://127.0.0.1:8100
unset	token='
+ grep -F -- 'file:/var/folders/dw/_2dd8rzs1_1dvtbbt2tdsxy80000gn/T/tmp.o7F1FlOjs8/sethome/.config/lll/lll.toml	me=homer'
+ assert_contains 'file:/var/folders/dw/_2dd8rzs1_1dvtbbt2tdsxy80000gn/T/tmp.o7F1FlOjs8/sethome/.config/lll/lll.toml	url=http://127.0.0.1:35353
file:.lll.toml	team=ENG
unset	sort=
file:/var/folders/dw/_2dd8rzs1_1dvtbbt2tdsxy80000gn/T/tmp.o7F1FlOjs8/sethome/.config/lll/lll.toml	me=homer
default	web_url=http://127.0.0.1:8100
unset	token=' 'default	web_url=http://127.0.0.1:8100' '--list marks an unset key with a default'
+ printf %s 'file:/var/folders/dw/_2dd8rzs1_1dvtbbt2tdsxy80000gn/T/tmp.o7F1FlOjs8/sethome/.config/lll/lll.toml	url=http://127.0.0.1:35353
file:.lll.toml	team=ENG
unset	sort=
file:/var/folders/dw/_2dd8rzs1_1dvtbbt2tdsxy80000gn/T/tmp.o7F1FlOjs8/sethome/.config/lll/lll.toml	me=homer
default	web_url=http://127.0.0.1:8100
unset	token='
+ grep -F -- 'default	web_url=http://127.0.0.1:8100'
+ assert_contains 'file:/var/folders/dw/_2dd8rzs1_1dvtbbt2tdsxy80000gn/T/tmp.o7F1FlOjs8/sethome/.config/lll/lll.toml	url=http://127.0.0.1:35353
file:.lll.toml	team=ENG
unset	sort=
file:/var/folders/dw/_2dd8rzs1_1dvtbbt2tdsxy80000gn/T/tmp.o7F1FlOjs8/sethome/.config/lll/lll.toml	me=homer
default	web_url=http://127.0.0.1:8100
unset	token=' 'unset	sort=' '--list marks a key nothing set'
+ printf %s 'file:/var/folders/dw/_2dd8rzs1_1dvtbbt2tdsxy80000gn/T/tmp.o7F1FlOjs8/sethome/.config/lll/lll.toml	url=http://127.0.0.1:35353
file:.lll.toml	team=ENG
unset	sort=
file:/var/folders/dw/_2dd8rzs1_1dvtbbt2tdsxy80000gn/T/tmp.o7F1FlOjs8/sethome/.config/lll/lll.toml	me=homer
default	web_url=http://127.0.0.1:8100
unset	token='
+ grep -F -- 'unset	sort='
++ cd /var/folders/dw/_2dd8rzs1_1dvtbbt2tdsxy80000gn/T/tmp.o7F1FlOjs8/work
++ LLL_TEAM=FROMENV
++ HOME=/var/folders/dw/_2dd8rzs1_1dvtbbt2tdsxy80000gn/T/tmp.o7F1FlOjs8/sethome
++ /Users/bcm/dv/lll-wt-179/target/.lisette/bin/lll config --list
+ out='file:/var/folders/dw/_2dd8rzs1_1dvtbbt2tdsxy80000gn/T/tmp.o7F1FlOjs8/sethome/.config/lll/lll.toml	url=http://127.0.0.1:35353
env:LLL_TEAM	team=FROMENV
unset	sort=
file:/var/folders/dw/_2dd8rzs1_1dvtbbt2tdsxy80000gn/T/tmp.o7F1FlOjs8/sethome/.config/lll/lll.toml	me=homer
default	web_url=http://127.0.0.1:8100
unset	token='
+ assert_contains 'file:/var/folders/dw/_2dd8rzs1_1dvtbbt2tdsxy80000gn/T/tmp.o7F1FlOjs8/sethome/.config/lll/lll.toml	url=http://127.0.0.1:35353
env:LLL_TEAM	team=FROMENV
unset	sort=
file:/var/folders/dw/_2dd8rzs1_1dvtbbt2tdsxy80000gn/T/tmp.o7F1FlOjs8/sethome/.config/lll/lll.toml	me=homer
default	web_url=http://127.0.0.1:8100
unset	token=' 'env:LLL_TEAM	team=FROMENV' '--list attributes an override to the env var'
+ printf %s 'file:/var/folders/dw/_2dd8rzs1_1dvtbbt2tdsxy80000gn/T/tmp.o7F1FlOjs8/sethome/.config/lll/lll.toml	url=http://127.0.0.1:35353
env:LLL_TEAM	team=FROMENV
unset	sort=
file:/var/folders/dw/_2dd8rzs1_1dvtbbt2tdsxy80000gn/T/tmp.o7F1FlOjs8/sethome/.config/lll/lll.toml	me=homer
default	web_url=http://127.0.0.1:8100
unset	token='
+ grep -F -- 'env:LLL_TEAM	team=FROMENV'
++ cd /var/folders/dw/_2dd8rzs1_1dvtbbt2tdsxy80000gn/T/tmp.o7F1FlOjs8/work
++ env -u LLL_URL -u LLL_TEAM HOME=/var/folders/dw/_2dd8rzs1_1dvtbbt2tdsxy80000gn/T/tmp.o7F1FlOjs8/sethome /Users/bcm/dv/lll-wt-179/target/.lisette/bin/lll issue list
+ out='ENG-1  ○ todo    First engineering issue     just now
ENG-2  ○ todo    Second engineering issue    just now'
+ assert_contains 'ENG-1  ○ todo    First engineering issue     just now
ENG-2  ○ todo    Second engineering issue    just now' ENG-1 'repo team layered over the home url'
+ printf %s 'ENG-1  ○ todo    First engineering issue     just now
ENG-2  ○ todo    Second engineering issue    just now'
+ grep -F -- ENG-1
+ assert_not_contains 'ENG-1  ○ todo    First engineering issue     just now
ENG-2  ○ todo    Second engineering issue    just now' OPS-1 'repo team scopes the list'
+ printf %s 'ENG-1  ○ todo    First engineering issue     just now
ENG-2  ○ todo    Second engineering issue    just now'
+ grep -F -- OPS-1
+ true
++ cd /var/folders/dw/_2dd8rzs1_1dvtbbt2tdsxy80000gn/T/tmp.o7F1FlOjs8/work
++ env -u LLL_URL -u LLL_TEAM HOME=/var/folders/dw/_2dd8rzs1_1dvtbbt2tdsxy80000gn/T/tmp.o7F1FlOjs8/sethome /Users/bcm/dv/lll-wt-179/target/.lisette/bin/lll config --list
+ out='file:/var/folders/dw/_2dd8rzs1_1dvtbbt2tdsxy80000gn/T/tmp.o7F1FlOjs8/sethome/.config/lll/lll.toml	url=http://127.0.0.1:35353
file:.lll.toml	team=ENG
unset	sort=
file:/var/folders/dw/_2dd8rzs1_1dvtbbt2tdsxy80000gn/T/tmp.o7F1FlOjs8/sethome/.config/lll/lll.toml	me=homer
default	web_url=http://127.0.0.1:8100
unset	token='
+ assert_contains 'file:/var/folders/dw/_2dd8rzs1_1dvtbbt2tdsxy80000gn/T/tmp.o7F1FlOjs8/sethome/.config/lll/lll.toml	url=http://127.0.0.1:35353
file:.lll.toml	team=ENG
unset	sort=
file:/var/folders/dw/_2dd8rzs1_1dvtbbt2tdsxy80000gn/T/tmp.o7F1FlOjs8/sethome/.config/lll/lll.toml	me=homer
default	web_url=http://127.0.0.1:8100
unset	token=' me=homer 'the home file'\''s me survives a repo file'
+ printf %s 'file:/var/folders/dw/_2dd8rzs1_1dvtbbt2tdsxy80000gn/T/tmp.o7F1FlOjs8/sethome/.config/lll/lll.toml	url=http://127.0.0.1:35353
file:.lll.toml	team=ENG
unset	sort=
file:/var/folders/dw/_2dd8rzs1_1dvtbbt2tdsxy80000gn/T/tmp.o7F1FlOjs8/sethome/.config/lll/lll.toml	me=homer
default	web_url=http://127.0.0.1:8100
unset	token='
+ grep -F -- me=homer
+ WALK=/var/folders/dw/_2dd8rzs1_1dvtbbt2tdsxy80000gn/T/tmp.o7F1FlOjs8/walk
+ mkdir -p /var/folders/dw/_2dd8rzs1_1dvtbbt2tdsxy80000gn/T/tmp.o7F1FlOjs8/walk/repo/deep/deeper
+ printf 'team = "STRAY"\n'
+ git -C /var/folders/dw/_2dd8rzs1_1dvtbbt2tdsxy80000gn/T/tmp.o7F1FlOjs8/walk/repo init -q
+ printf 'team = "ENG"\n'
++ cd /var/folders/dw/_2dd8rzs1_1dvtbbt2tdsxy80000gn/T/tmp.o7F1FlOjs8/walk/repo/deep/deeper
++ env -u LLL_TEAM HOME=/var/folders/dw/_2dd8rzs1_1dvtbbt2tdsxy80000gn/T/tmp.o7F1FlOjs8/sethome /Users/bcm/dv/lll-wt-179/target/.lisette/bin/lll issue list
+ out='ENG-1  ○ todo    First engineering issue     just now
ENG-2  ○ todo    Second engineering issue    just now'
+ assert_contains 'ENG-1  ○ todo    First engineering issue     just now
ENG-2  ○ todo    Second engineering issue    just now' ENG-1 'a subdirectory finds the repo root'\''s team'
+ printf %s 'ENG-1  ○ todo    First engineering issue     just now
ENG-2  ○ todo    Second engineering issue    just now'
+ grep -F -- ENG-1
+ rm /var/folders/dw/_2dd8rzs1_1dvtbbt2tdsxy80000gn/T/tmp.o7F1FlOjs8/walk/repo/.lll.toml
++ cd /var/folders/dw/_2dd8rzs1_1dvtbbt2tdsxy80000gn/T/tmp.o7F1FlOjs8/walk/repo/deep/deeper
++ env -u LLL_TEAM HOME=/var/folders/dw/_2dd8rzs1_1dvtbbt2tdsxy80000gn/T/tmp.o7F1FlOjs8/sethome /Users/bcm/dv/lll-wt-179/target/.lisette/bin/lll config --list
+ out='file:/var/folders/dw/_2dd8rzs1_1dvtbbt2tdsxy80000gn/T/tmp.o7F1FlOjs8/sethome/.config/lll/lll.toml	url=http://127.0.0.1:35353
unset	team=
unset	sort=
file:/var/folders/dw/_2dd8rzs1_1dvtbbt2tdsxy80000gn/T/tmp.o7F1FlOjs8/sethome/.config/lll/lll.toml	me=homer
default	web_url=http://127.0.0.1:8100
unset	token='
+ assert_contains 'file:/var/folders/dw/_2dd8rzs1_1dvtbbt2tdsxy80000gn/T/tmp.o7F1FlOjs8/sethome/.config/lll/lll.toml	url=http://127.0.0.1:35353
unset	team=
unset	sort=
file:/var/folders/dw/_2dd8rzs1_1dvtbbt2tdsxy80000gn/T/tmp.o7F1FlOjs8/sethome/.config/lll/lll.toml	me=homer
default	web_url=http://127.0.0.1:8100
unset	token=' 'unset	team=' 'the walk stops at the git root'
+ printf %s 'file:/var/folders/dw/_2dd8rzs1_1dvtbbt2tdsxy80000gn/T/tmp.o7F1FlOjs8/sethome/.config/lll/lll.toml	url=http://127.0.0.1:35353
unset	team=
unset	sort=
file:/var/folders/dw/_2dd8rzs1_1dvtbbt2tdsxy80000gn/T/tmp.o7F1FlOjs8/sethome/.config/lll/lll.toml	me=homer
default	web_url=http://127.0.0.1:8100
unset	token='
+ grep -F -- 'unset	team='
+ assert_not_contains 'file:/var/folders/dw/_2dd8rzs1_1dvtbbt2tdsxy80000gn/T/tmp.o7F1FlOjs8/sethome/.config/lll/lll.toml	url=http://127.0.0.1:35353
unset	team=
unset	sort=
file:/var/folders/dw/_2dd8rzs1_1dvtbbt2tdsxy80000gn/T/tmp.o7F1FlOjs8/sethome/.config/lll/lll.toml	me=homer
default	web_url=http://127.0.0.1:8100
unset	token=' STRAY 'a .lll.toml above the repo root is never read'
+ printf %s 'file:/var/folders/dw/_2dd8rzs1_1dvtbbt2tdsxy80000gn/T/tmp.o7F1FlOjs8/sethome/.config/lll/lll.toml	url=http://127.0.0.1:35353
unset	team=
unset	sort=
file:/var/folders/dw/_2dd8rzs1_1dvtbbt2tdsxy80000gn/T/tmp.o7F1FlOjs8/sethome/.config/lll/lll.toml	me=homer
default	web_url=http://127.0.0.1:8100
unset	token='
+ grep -F -- STRAY
+ true
+ ATTACH=/var/folders/dw/_2dd8rzs1_1dvtbbt2tdsxy80000gn/T/tmp.o7F1FlOjs8/attach/lllattachdemo
+ mkdir -p /var/folders/dw/_2dd8rzs1_1dvtbbt2tdsxy80000gn/T/tmp.o7F1FlOjs8/attach/lllattachdemo/sub
+ git -C /var/folders/dw/_2dd8rzs1_1dvtbbt2tdsxy80000gn/T/tmp.o7F1FlOjs8/attach/lllattachdemo init -q
++ cd /var/folders/dw/_2dd8rzs1_1dvtbbt2tdsxy80000gn/T/tmp.o7F1FlOjs8/attach/lllattachdemo/sub
++ LLL_URL=http://127.0.0.1:35353
++ HOME=/var/folders/dw/_2dd8rzs1_1dvtbbt2tdsxy80000gn/T/tmp.o7F1FlOjs8/sethome
++ /Users/bcm/dv/lll-wt-179/target/.lisette/bin/lll attach
+ out='team = "LLLAT" in /private/var/folders/dw/_2dd8rzs1_1dvtbbt2tdsxy80000gn/T/tmp.o7F1FlOjs8/attach/lllattachdemo/.lll.toml
created team LLLAT — issues will be LLLAT-1, LLLAT-2, ...
commit .lll.toml — every clone and worktree of this repo is attached from then on'
+ assert_contains 'team = "LLLAT" in /private/var/folders/dw/_2dd8rzs1_1dvtbbt2tdsxy80000gn/T/tmp.o7F1FlOjs8/attach/lllattachdemo/.lll.toml
created team LLLAT — issues will be LLLAT-1, LLLAT-2, ...
commit .lll.toml — every clone and worktree of this repo is attached from then on' lllattachdemo/.lll.toml 'attach names the file at the repo root'
+ printf %s 'team = "LLLAT" in /private/var/folders/dw/_2dd8rzs1_1dvtbbt2tdsxy80000gn/T/tmp.o7F1FlOjs8/attach/lllattachdemo/.lll.toml
created team LLLAT — issues will be LLLAT-1, LLLAT-2, ...
commit .lll.toml — every clone and worktree of this repo is attached from then on'
+ grep -F -- lllattachdemo/.lll.toml
+ assert_contains 'team = "LLLAT" in /private/var/folders/dw/_2dd8rzs1_1dvtbbt2tdsxy80000gn/T/tmp.o7F1FlOjs8/attach/lllattachdemo/.lll.toml
created team LLLAT — issues will be LLLAT-1, LLLAT-2, ...
commit .lll.toml — every clone and worktree of this repo is attached from then on' 'created team LLLAT' 'attach created the derived team'
+ printf %s 'team = "LLLAT" in /private/var/folders/dw/_2dd8rzs1_1dvtbbt2tdsxy80000gn/T/tmp.o7F1FlOjs8/attach/lllattachdemo/.lll.toml
created team LLLAT — issues will be LLLAT-1, LLLAT-2, ...
commit .lll.toml — every clone and worktree of this repo is attached from then on'
+ grep -F -- 'created team LLLAT'
++ cat /var/folders/dw/_2dd8rzs1_1dvtbbt2tdsxy80000gn/T/tmp.o7F1FlOjs8/attach/lllattachdemo/.lll.toml
+ '[' 'team = "LLLAT"' = 'team = "LLLAT"' ']'
++ cd /var/folders/dw/_2dd8rzs1_1dvtbbt2tdsxy80000gn/T/tmp.o7F1FlOjs8/attach/lllattachdemo
++ LLL_URL=http://127.0.0.1:35353
++ HOME=/var/folders/dw/_2dd8rzs1_1dvtbbt2tdsxy80000gn/T/tmp.o7F1FlOjs8/sethome
++ /Users/bcm/dv/lll-wt-179/target/.lisette/bin/lll attach -k ENG
+ out='team = "ENG" in /private/var/folders/dw/_2dd8rzs1_1dvtbbt2tdsxy80000gn/T/tmp.o7F1FlOjs8/attach/lllattachdemo/.lll.toml
team ENG already exists
commit .lll.toml — every clone and worktree of this repo is attached from then on'
+ assert_contains 'team = "ENG" in /private/var/folders/dw/_2dd8rzs1_1dvtbbt2tdsxy80000gn/T/tmp.o7F1FlOjs8/attach/lllattachdemo/.lll.toml
team ENG already exists
commit .lll.toml — every clone and worktree of this repo is attached from then on' 'team ENG already exists' 'attach reuses an existing team'
+ printf %s 'team = "ENG" in /private/var/folders/dw/_2dd8rzs1_1dvtbbt2tdsxy80000gn/T/tmp.o7F1FlOjs8/attach/lllattachdemo/.lll.toml
team ENG already exists
commit .lll.toml — every clone and worktree of this repo is attached from then on'
+ grep -F -- 'team ENG already exists'
++ cat /var/folders/dw/_2dd8rzs1_1dvtbbt2tdsxy80000gn/T/tmp.o7F1FlOjs8/attach/lllattachdemo/.lll.toml
+ '[' 'team = "ENG"' = 'team = "ENG"' ']'
++ cd /var/folders/dw/_2dd8rzs1_1dvtbbt2tdsxy80000gn/T/tmp.o7F1FlOjs8/attach/lllattachdemo/sub
++ env -u LLL_TEAM LLL_URL=http://127.0.0.1:35353 HOME=/var/folders/dw/_2dd8rzs1_1dvtbbt2tdsxy80000gn/T/tmp.o7F1FlOjs8/sethome /Users/bcm/dv/lll-wt-179/target/.lisette/bin/lll issue list
+ out='ENG-1  ○ todo    First engineering issue     just now
ENG-2  ○ todo    Second engineering issue    just now'
+ assert_contains 'ENG-1  ○ todo    First engineering issue     just now
ENG-2  ○ todo    Second engineering issue    just now' ENG-1 'an attached repo is scoped from its committed file'
+ printf %s 'ENG-1  ○ todo    First engineering issue     just now
ENG-2  ○ todo    Second engineering issue    just now'
+ grep -F -- ENG-1
++ cd /var/folders/dw/_2dd8rzs1_1dvtbbt2tdsxy80000gn/T/tmp.o7F1FlOjs8
++ LLL_URL=http://127.0.0.1:35353
++ HOME=/var/folders/dw/_2dd8rzs1_1dvtbbt2tdsxy80000gn/T/tmp.o7F1FlOjs8/sethome
++ /Users/bcm/dv/lll-wt-179/target/.lisette/bin/lll attach
+ out='Error: not inside a git repository — '\''lll attach'\'' writes .lll.toml at the repo root; run it in a checkout, or set LLL_TEAM'
+ assert_contains 'Error: not inside a git repository — '\''lll attach'\'' writes .lll.toml at the repo root; run it in a checkout, or set LLL_TEAM' 'not inside a git repository' 'attach outside a repo names why'
+ printf %s 'Error: not inside a git repository — '\''lll attach'\'' writes .lll.toml at the repo root; run it in a checkout, or set LLL_TEAM'
+ grep -F -- 'not inside a git repository'
+ rm -f /var/folders/dw/_2dd8rzs1_1dvtbbt2tdsxy80000gn/T/tmp.o7F1FlOjs8/work/.lll.toml
+ printf 'url = "%s"\nteam = "OPS"\n' http://127.0.0.1:35353
++ cd /var/folders/dw/_2dd8rzs1_1dvtbbt2tdsxy80000gn/T/tmp.o7F1FlOjs8/work
++ env -u LLL_URL -u LLL_TEAM HOME=/var/folders/dw/_2dd8rzs1_1dvtbbt2tdsxy80000gn/T/tmp.o7F1FlOjs8/home /Users/bcm/dv/lll-wt-179/target/.lisette/bin/lll issue list
+ out='OPS-1  ○ todo    First ops issue    just now'
+ assert_contains 'OPS-1  ○ todo    First ops issue    just now' OPS-1 'home config scopes to OPS'
+ printf %s 'OPS-1  ○ todo    First ops issue    just now'
+ grep -F -- OPS-1
+ assert_not_contains 'OPS-1  ○ todo    First ops issue    just now' ENG-1 'home config hides ENG'
+ printf %s 'OPS-1  ○ todo    First ops issue    just now'
+ grep -F -- ENG-1
+ true
+ printf 'url = "%s"\nteam = "ENG"\n' http://127.0.0.1:35353
++ cd /var/folders/dw/_2dd8rzs1_1dvtbbt2tdsxy80000gn/T/tmp.o7F1FlOjs8/work
++ env -u LLL_URL -u LLL_TEAM HOME=/var/folders/dw/_2dd8rzs1_1dvtbbt2tdsxy80000gn/T/tmp.o7F1FlOjs8/home /Users/bcm/dv/lll-wt-179/target/.lisette/bin/lll issue list
+ out='ENG-1  ○ todo    First engineering issue     just now
ENG-2  ○ todo    Second engineering issue    just now'
+ assert_contains 'ENG-1  ○ todo    First engineering issue     just now
ENG-2  ○ todo    Second engineering issue    just now' ENG-1 'project config scopes to ENG'
+ printf %s 'ENG-1  ○ todo    First engineering issue     just now
ENG-2  ○ todo    Second engineering issue    just now'
+ grep -F -- ENG-1
+ assert_not_contains 'ENG-1  ○ todo    First engineering issue     just now
ENG-2  ○ todo    Second engineering issue    just now' OPS-1 'project config beats home config'
+ printf %s 'ENG-1  ○ todo    First engineering issue     just now
ENG-2  ○ todo    Second engineering issue    just now'
+ grep -F -- OPS-1
+ true
++ cd /var/folders/dw/_2dd8rzs1_1dvtbbt2tdsxy80000gn/T/tmp.o7F1FlOjs8/work
++ env -u LLL_URL LLL_TEAM=OPS HOME=/var/folders/dw/_2dd8rzs1_1dvtbbt2tdsxy80000gn/T/tmp.o7F1FlOjs8/home /Users/bcm/dv/lll-wt-179/target/.lisette/bin/lll issue list
+ out='OPS-1  ○ todo    First ops issue    just now'
+ assert_contains 'OPS-1  ○ todo    First ops issue    just now' OPS-1 'env scopes to OPS'
+ printf %s 'OPS-1  ○ todo    First ops issue    just now'
+ grep -F -- OPS-1
+ assert_not_contains 'OPS-1  ○ todo    First ops issue    just now' ENG-1 'env beats project config'
+ printf %s 'OPS-1  ○ todo    First ops issue    just now'
+ grep -F -- ENG-1
+ true
++ LLL_URL=http://127.0.0.1:35353
++ LLL_TEAM=ENG
++ target/.lisette/bin/lll issue create -t 'Fix login flow' --priority 2
+ out='Created ENG-3: Fix login flow'
+ assert_contains 'Created ENG-3: Fix login flow' 'Created ENG-3: Fix login flow' 'create with --priority'
+ printf %s 'Created ENG-3: Fix login flow'
+ grep -F -- 'Created ENG-3: Fix login flow'
++ LLL_URL=http://127.0.0.1:35353
++ LLL_TEAM=ENG
++ target/.lisette/bin/lll issue list --json
++ jq -r '.items[] | select(.title=="Fix login flow") | .id'
+ ENG3_ID=7tiah66g5jyh60d
+ '[' -n 7tiah66g5jyh60d ']'
+ curl -sf -X PATCH http://127.0.0.1:35353/api/collections/issues/records/7tiah66g5jyh60d -H 'Content-Type: application/json' -d '{"description":"First paragraph of the description.\n\nSecond paragraph."}'
++ LLL_URL=http://127.0.0.1:35353
++ target/.lisette/bin/lll issue view ENG-3
+ out='ENG-3 Fix login flow

State:     ○ todo
Priority:  high
Assignee:  none
Project:   none
Labels:    none
Created:   just now
Updated:   just now

First paragraph of the description.

Second paragraph.'
+ assert_contains 'ENG-3 Fix login flow

State:     ○ todo
Priority:  high
Assignee:  none
Project:   none
Labels:    none
Created:   just now
Updated:   just now

First paragraph of the description.

Second paragraph.' 'ENG-3 Fix login flow' 'view header'
+ printf %s 'ENG-3 Fix login flow

State:     ○ todo
Priority:  high
Assignee:  none
Project:   none
Labels:    none
Created:   just now
Updated:   just now

First paragraph of the description.

Second paragraph.'
+ grep -F -- 'ENG-3 Fix login flow'
+ assert_contains 'ENG-3 Fix login flow

State:     ○ todo
Priority:  high
Assignee:  none
Project:   none
Labels:    none
Created:   just now
Updated:   just now

First paragraph of the description.

Second paragraph.' State: 'view state label'
+ printf %s 'ENG-3 Fix login flow

State:     ○ todo
Priority:  high
Assignee:  none
Project:   none
Labels:    none
Created:   just now
Updated:   just now

First paragraph of the description.

Second paragraph.'
+ grep -F -- State:
+ assert_contains 'ENG-3 Fix login flow

State:     ○ todo
Priority:  high
Assignee:  none
Project:   none
Labels:    none
Created:   just now
Updated:   just now

First paragraph of the description.

Second paragraph.' '○ todo' 'view state glyph'
+ printf %s 'ENG-3 Fix login flow

State:     ○ todo
Priority:  high
Assignee:  none
Project:   none
Labels:    none
Created:   just now
Updated:   just now

First paragraph of the description.

Second paragraph.'
+ grep -F -- '○ todo'
+ assert_contains 'ENG-3 Fix login flow

State:     ○ todo
Priority:  high
Assignee:  none
Project:   none
Labels:    none
Created:   just now
Updated:   just now

First paragraph of the description.

Second paragraph.' 'Priority:  high' 'view priority'
+ printf %s 'ENG-3 Fix login flow

State:     ○ todo
Priority:  high
Assignee:  none
Project:   none
Labels:    none
Created:   just now
Updated:   just now

First paragraph of the description.

Second paragraph.'
+ grep -F -- 'Priority:  high'
+ assert_contains 'ENG-3 Fix login flow

State:     ○ todo
Priority:  high
Assignee:  none
Project:   none
Labels:    none
Created:   just now
Updated:   just now

First paragraph of the description.

Second paragraph.' 'Created:   just now' 'view relative created'
+ printf %s 'ENG-3 Fix login flow

State:     ○ todo
Priority:  high
Assignee:  none
Project:   none
Labels:    none
Created:   just now
Updated:   just now

First paragraph of the description.

Second paragraph.'
+ grep -F -- 'Created:   just now'
+ assert_contains 'ENG-3 Fix login flow

State:     ○ todo
Priority:  high
Assignee:  none
Project:   none
Labels:    none
Created:   just now
Updated:   just now

First paragraph of the description.

Second paragraph.' 'Updated:   just now' 'view relative updated'
+ printf %s 'ENG-3 Fix login flow

State:     ○ todo
Priority:  high
Assignee:  none
Project:   none
Labels:    none
Created:   just now
Updated:   just now

First paragraph of the description.

Second paragraph.'
+ grep -F -- 'Updated:   just now'
+ assert_contains 'ENG-3 Fix login flow

State:     ○ todo
Priority:  high
Assignee:  none
Project:   none
Labels:    none
Created:   just now
Updated:   just now

First paragraph of the description.

Second paragraph.' 'First paragraph of the description.' 'view description'
+ printf %s 'ENG-3 Fix login flow

State:     ○ todo
Priority:  high
Assignee:  none
Project:   none
Labels:    none
Created:   just now
Updated:   just now

First paragraph of the description.

Second paragraph.'
+ grep -F -- 'First paragraph of the description.'
+ assert_contains 'ENG-3 Fix login flow

State:     ○ todo
Priority:  high
Assignee:  none
Project:   none
Labels:    none
Created:   just now
Updated:   just now

First paragraph of the description.

Second paragraph.' 'Second paragraph.' 'view description second paragraph'
+ printf %s 'ENG-3 Fix login flow

State:     ○ todo
Priority:  high
Assignee:  none
Project:   none
Labels:    none
Created:   just now
Updated:   just now

First paragraph of the description.

Second paragraph.'
+ grep -F -- 'Second paragraph.'
+ set +e
++ LLL_URL=http://127.0.0.1:35353
++ target/.lisette/bin/lll issue view OPS-99
+ out='Error: issue OPS-99 not found — check '\''lll issue list'\'' or LLL_TEAM'
+ rc=1
+ set -e
+ '[' 1 -ne 0 ']'
+ assert_contains 'Error: issue OPS-99 not found — check '\''lll issue list'\'' or LLL_TEAM' 'issue OPS-99 not found' 'view unknown number message'
+ printf %s 'Error: issue OPS-99 not found — check '\''lll issue list'\'' or LLL_TEAM'
+ grep -F -- 'issue OPS-99 not found'
+ assert_contains 'Error: issue OPS-99 not found — check '\''lll issue list'\'' or LLL_TEAM' 'lll issue list' 'view unknown ID names the fix'
+ printf %s 'Error: issue OPS-99 not found — check '\''lll issue list'\'' or LLL_TEAM'
+ grep -F -- 'lll issue list'
+ set +e
++ LLL_URL=http://127.0.0.1:35353
++ target/.lisette/bin/lll issue view ZZZ-1
+ out='Error: issue ZZZ-1 not found — check '\''lll issue list'\'' or LLL_TEAM'
+ rc=1
+ set -e
+ '[' 1 -ne 0 ']'
+ assert_contains 'Error: issue ZZZ-1 not found — check '\''lll issue list'\'' or LLL_TEAM' 'issue ZZZ-1 not found' 'view unknown team message'
+ printf %s 'Error: issue ZZZ-1 not found — check '\''lll issue list'\'' or LLL_TEAM'
+ grep -F -- 'issue ZZZ-1 not found'
+ set +e
++ LLL_URL=http://127.0.0.1:35353
++ target/.lisette/bin/lll issue view not-an-id
+ out='Error: '\''not-an-id'\'' is not an issue ID (expected KEY-123, e.g. ENG-1)'
+ rc=1
+ set -e
+ '[' 1 -ne 0 ']'
+ assert_contains 'Error: '\''not-an-id'\'' is not an issue ID (expected KEY-123, e.g. ENG-1)' 'not an issue ID' 'view malformed ID message'
+ printf %s 'Error: '\''not-an-id'\'' is not an issue ID (expected KEY-123, e.g. ENG-1)'
+ grep -F -- 'not an issue ID'
++ LLL_URL=http://127.0.0.1:35353
++ LLL_TEAM=ENG
++ target/.lisette/bin/lll issue list --json
++ jq -r '.items[0].title'
+ title='First engineering issue'
+ '[' -n 'First engineering issue' ']'
+ '[' 'First engineering issue' '!=' null ']'
++ LLL_URL=http://127.0.0.1:35353
++ LLL_TEAM=ENG
++ target/.lisette/bin/lll issue list --json
++ jq -r '.items[0].expand.team.key'
+ key=ENG
+ '[' ENG = ENG ']'
++ LLL_URL=http://127.0.0.1:35353
++ target/.lisette/bin/lll issue view ENG-3 --json
++ jq -r .title
+ vtitle='Fix login flow'
+ '[' 'Fix login flow' = 'Fix login flow' ']'
++ LLL_URL=http://127.0.0.1:35353
++ target/.lisette/bin/lll issue view ENG-3 --json
++ jq -r .expand.team.key
+ vkey=ENG
+ '[' ENG = ENG ']'
+ curl -sf -X PATCH http://127.0.0.1:35353/api/collections/issues/records/7tiah66g5jyh60d -H 'Content-Type: application/json' -d '{"state":"in-review"}'
++ LLL_URL=http://127.0.0.1:35353
++ LLL_TEAM=ENG
++ target/.lisette/bin/lll issue list --state in-review
+ out='ENG-3  ◉ in-review  !!  Fix login flow    just now'
+ assert_contains 'ENG-3  ◉ in-review  !!  Fix login flow    just now' ENG-3 'state filter shows in-review issue'
+ printf %s 'ENG-3  ◉ in-review  !!  Fix login flow    just now'
+ grep -F -- ENG-3
+ assert_not_contains 'ENG-3  ◉ in-review  !!  Fix login flow    just now' ENG-1 'state filter hides todo issues'
+ printf %s 'ENG-3  ◉ in-review  !!  Fix login flow    just now'
+ grep -F -- ENG-1
+ true
+ set +e
++ LLL_URL=http://127.0.0.1:35353
++ target/.lisette/bin/lll issue list --state bogus
+ out='Error: unknown state '\''bogus'\'' (use one of: backlog, todo, in-progress, in-review, done, cancelled)'
+ rc=1
+ set -e
+ '[' 1 -ne 0 ']'
+ assert_contains 'Error: unknown state '\''bogus'\'' (use one of: backlog, todo, in-progress, in-review, done, cancelled)' 'unknown state '\''bogus'\''' 'invalid state message'
+ printf %s 'Error: unknown state '\''bogus'\'' (use one of: backlog, todo, in-progress, in-review, done, cancelled)'
+ grep -F -- 'unknown state '\''bogus'\'''
++ LLL_URL=http://127.0.0.1:35353
++ LLL_TEAM=ENG
++ target/.lisette/bin/lll issue create -t 'Server on fire' --priority 1
+ out='Created ENG-4: Server on fire'
+ assert_contains 'Created ENG-4: Server on fire' 'Created ENG-4' 'urgent issue created'
+ printf %s 'Created ENG-4: Server on fire'
+ grep -F -- 'Created ENG-4'
++ LLL_URL=http://127.0.0.1:35353
++ LLL_TEAM=ENG
++ target/.lisette/bin/lll issue create -t 'Tidy readme' --priority 4
+ out='Created ENG-5: Tidy readme'
+ assert_contains 'Created ENG-5: Tidy readme' 'Created ENG-5' 'low issue created'
+ printf %s 'Created ENG-5: Tidy readme'
+ grep -F -- 'Created ENG-5'
++ LLL_URL=http://127.0.0.1:35353
++ LLL_TEAM=ENG
++ target/.lisette/bin/lll issue list --sort -priority
+ out='ENG-5  ○ todo       ·    Tidy readme                 just now
ENG-3  ◉ in-review  !!   Fix login flow              just now
ENG-4  ○ todo       !!!  Server on fire              just now
ENG-1  ○ todo            First engineering issue     just now
ENG-2  ○ todo            Second engineering issue    just now'
++ printf '%s\n' 'ENG-5  ○ todo       ·    Tidy readme                 just now
ENG-3  ◉ in-review  !!   Fix login flow              just now
ENG-4  ○ todo       !!!  Server on fire              just now
ENG-1  ○ todo            First engineering issue     just now
ENG-2  ○ todo            Second engineering issue    just now'
++ head -1
+ assert_contains 'ENG-5  ○ todo       ·    Tidy readme                 just now' ENG-5 'sort -priority puts low (4) first'
+ printf %s 'ENG-5  ○ todo       ·    Tidy readme                 just now'
+ grep -F -- ENG-5
++ LLL_URL=http://127.0.0.1:35353
++ LLL_TEAM=ENG
++ target/.lisette/bin/lll issue list --sort priority
+ out='ENG-1  ○ todo            First engineering issue     just now
ENG-2  ○ todo            Second engineering issue    just now
ENG-4  ○ todo       !!!  Server on fire              just now
ENG-3  ◉ in-review  !!   Fix login flow              just now
ENG-5  ○ todo       ·    Tidy readme                 just now'
++ printf '%s\n' 'ENG-1  ○ todo            First engineering issue     just now
ENG-2  ○ todo            Second engineering issue    just now
ENG-4  ○ todo       !!!  Server on fire              just now
ENG-3  ◉ in-review  !!   Fix login flow              just now
ENG-5  ○ todo       ·    Tidy readme                 just now'
++ tail -1
+ assert_contains 'ENG-5  ○ todo       ·    Tidy readme                 just now' ENG-5 'sort priority puts low (4) last'
+ printf %s 'ENG-5  ○ todo       ·    Tidy readme                 just now'
+ grep -F -- ENG-5
++ LLL_URL=http://127.0.0.1:35353
++ LLL_TEAM=ENG
++ LLL_SORT=-priority
++ target/.lisette/bin/lll issue list
+ out='ENG-5  ○ todo       ·    Tidy readme                 just now
ENG-3  ◉ in-review  !!   Fix login flow              just now
ENG-4  ○ todo       !!!  Server on fire              just now
ENG-1  ○ todo            First engineering issue     just now
ENG-2  ○ todo            Second engineering issue    just now'
++ printf '%s\n' 'ENG-5  ○ todo       ·    Tidy readme                 just now
ENG-3  ◉ in-review  !!   Fix login flow              just now
ENG-4  ○ todo       !!!  Server on fire              just now
ENG-1  ○ todo            First engineering issue     just now
ENG-2  ○ todo            Second engineering issue    just now'
++ head -1
+ assert_contains 'ENG-5  ○ todo       ·    Tidy readme                 just now' ENG-5 'LLL_SORT is the default sort'
+ printf %s 'ENG-5  ○ todo       ·    Tidy readme                 just now'
+ grep -F -- ENG-5
+ set +e
++ LLL_URL=http://127.0.0.1:35353
++ target/.lisette/bin/lll issue list --sort title
+ out='Error: unknown sort field '\''title'\'' (use one of: created, updated, priority, number; prefix - for descending)'
+ rc=1
+ set -e
+ '[' 1 -ne 0 ']'
+ assert_contains 'Error: unknown sort field '\''title'\'' (use one of: created, updated, priority, number; prefix - for descending)' 'unknown sort field '\''title'\''' 'invalid sort message'
+ printf %s 'Error: unknown sort field '\''title'\'' (use one of: created, updated, priority, number; prefix - for descending)'
+ grep -F -- 'unknown sort field '\''title'\'''
++ LLL_URL=http://127.0.0.1:35353
++ LLL_TEAM=ENG
++ target/.lisette/bin/lll issue list
+ out='ENG-1  ○ todo            First engineering issue     just now
ENG-2  ○ todo            Second engineering issue    just now
ENG-3  ◉ in-review  !!   Fix login flow              just now
ENG-4  ○ todo       !!!  Server on fire              just now
ENG-5  ○ todo       ·    Tidy readme                 just now'
+ assert_contains 'ENG-1  ○ todo            First engineering issue     just now
ENG-2  ○ todo            Second engineering issue    just now
ENG-3  ◉ in-review  !!   Fix login flow              just now
ENG-4  ○ todo       !!!  Server on fire              just now
ENG-5  ○ todo       ·    Tidy readme                 just now' '○ todo' 'list shows todo glyph'
+ printf %s 'ENG-1  ○ todo            First engineering issue     just now
ENG-2  ○ todo            Second engineering issue    just now
ENG-3  ◉ in-review  !!   Fix login flow              just now
ENG-4  ○ todo       !!!  Server on fire              just now
ENG-5  ○ todo       ·    Tidy readme                 just now'
+ grep -F -- '○ todo'
+ assert_contains 'ENG-1  ○ todo            First engineering issue     just now
ENG-2  ○ todo            Second engineering issue    just now
ENG-3  ◉ in-review  !!   Fix login flow              just now
ENG-4  ○ todo       !!!  Server on fire              just now
ENG-5  ○ todo       ·    Tidy readme                 just now' '◉ in-review' 'list shows in-review glyph'
+ printf %s 'ENG-1  ○ todo            First engineering issue     just now
ENG-2  ○ todo            Second engineering issue    just now
ENG-3  ◉ in-review  !!   Fix login flow              just now
ENG-4  ○ todo       !!!  Server on fire              just now
ENG-5  ○ todo       ·    Tidy readme                 just now'
+ grep -F -- '◉ in-review'
+ assert_contains 'ENG-1  ○ todo            First engineering issue     just now
ENG-2  ○ todo            Second engineering issue    just now
ENG-3  ◉ in-review  !!   Fix login flow              just now
ENG-4  ○ todo       !!!  Server on fire              just now
ENG-5  ○ todo       ·    Tidy readme                 just now' '!!!' 'list shows urgent marker'
+ printf %s 'ENG-1  ○ todo            First engineering issue     just now
ENG-2  ○ todo            Second engineering issue    just now
ENG-3  ◉ in-review  !!   Fix login flow              just now
ENG-4  ○ todo       !!!  Server on fire              just now
ENG-5  ○ todo       ·    Tidy readme                 just now'
+ grep -F -- '!!!'
+ assert_contains 'ENG-1  ○ todo            First engineering issue     just now
ENG-2  ○ todo            Second engineering issue    just now
ENG-3  ◉ in-review  !!   Fix login flow              just now
ENG-4  ○ todo       !!!  Server on fire              just now
ENG-5  ○ todo       ·    Tidy readme                 just now' · 'list shows low marker'
+ printf %s 'ENG-1  ○ todo            First engineering issue     just now
ENG-2  ○ todo            Second engineering issue    just now
ENG-3  ◉ in-review  !!   Fix login flow              just now
ENG-4  ○ todo       !!!  Server on fire              just now
ENG-5  ○ todo       ·    Tidy readme                 just now'
+ grep -F -- ·
+ assert_contains 'ENG-1  ○ todo            First engineering issue     just now
ENG-2  ○ todo            Second engineering issue    just now
ENG-3  ◉ in-review  !!   Fix login flow              just now
ENG-4  ○ todo       !!!  Server on fire              just now
ENG-5  ○ todo       ·    Tidy readme                 just now' 'just now' 'list shows relative dates'
+ printf %s 'ENG-1  ○ todo            First engineering issue     just now
ENG-2  ○ todo            Second engineering issue    just now
ENG-3  ◉ in-review  !!   Fix login flow              just now
ENG-4  ○ todo       !!!  Server on fire              just now
ENG-5  ○ todo       ·    Tidy readme                 just now'
+ grep -F -- 'just now'
++ LLL_URL=http://127.0.0.1:35353
++ LLL_TEAM=ENG
++ target/.lisette/bin/lll issue create -t 'Roundtrip issue' --priority 3
+ out='Created ENG-6: Roundtrip issue'
+ assert_contains 'Created ENG-6: Roundtrip issue' 'Created ENG-6: Roundtrip issue' 'roundtrip create'
+ printf %s 'Created ENG-6: Roundtrip issue'
+ grep -F -- 'Created ENG-6: Roundtrip issue'
+ REPO=/var/folders/dw/_2dd8rzs1_1dvtbbt2tdsxy80000gn/T/tmp.o7F1FlOjs8/repo
+ git init -q -b main /var/folders/dw/_2dd8rzs1_1dvtbbt2tdsxy80000gn/T/tmp.o7F1FlOjs8/repo
+ git -C /var/folders/dw/_2dd8rzs1_1dvtbbt2tdsxy80000gn/T/tmp.o7F1FlOjs8/repo -c user.name=e2e -c user.email=e2e@example.com commit -q --allow-empty -m init
++ cd /var/folders/dw/_2dd8rzs1_1dvtbbt2tdsxy80000gn/T/tmp.o7F1FlOjs8/repo
++ LLL_URL=http://127.0.0.1:35353
++ /Users/bcm/dv/lll-wt-179/target/.lisette/bin/lll issue start ENG-6
+ out='Started ENG-6: Roundtrip issue (◐ in-progress)
Branch: eng-6-roundtrip-issue
Created and switched to branch '\''eng-6-roundtrip-issue'\'''
+ assert_contains 'Started ENG-6: Roundtrip issue (◐ in-progress)
Branch: eng-6-roundtrip-issue
Created and switched to branch '\''eng-6-roundtrip-issue'\''' 'Started ENG-6' 'start output'
+ printf %s 'Started ENG-6: Roundtrip issue (◐ in-progress)
Branch: eng-6-roundtrip-issue
Created and switched to branch '\''eng-6-roundtrip-issue'\'''
+ grep -F -- 'Started ENG-6'
+ assert_contains 'Started ENG-6: Roundtrip issue (◐ in-progress)
Branch: eng-6-roundtrip-issue
Created and switched to branch '\''eng-6-roundtrip-issue'\''' 'Branch: eng-6-roundtrip-issue' 'start prints branch name'
+ printf %s 'Started ENG-6: Roundtrip issue (◐ in-progress)
Branch: eng-6-roundtrip-issue
Created and switched to branch '\''eng-6-roundtrip-issue'\'''
+ grep -F -- 'Branch: eng-6-roundtrip-issue'
+ assert_contains 'Started ENG-6: Roundtrip issue (◐ in-progress)
Branch: eng-6-roundtrip-issue
Created and switched to branch '\''eng-6-roundtrip-issue'\''' 'Created and switched to branch '\''eng-6-roundtrip-issue'\''' 'start creates branch'
+ printf %s 'Started ENG-6: Roundtrip issue (◐ in-progress)
Branch: eng-6-roundtrip-issue
Created and switched to branch '\''eng-6-roundtrip-issue'\'''
+ grep -F -- 'Created and switched to branch '\''eng-6-roundtrip-issue'\'''
++ git -C /var/folders/dw/_2dd8rzs1_1dvtbbt2tdsxy80000gn/T/tmp.o7F1FlOjs8/repo branch --show-current
+ branch=eng-6-roundtrip-issue
+ '[' eng-6-roundtrip-issue = eng-6-roundtrip-issue ']'
++ cd /var/folders/dw/_2dd8rzs1_1dvtbbt2tdsxy80000gn/T/tmp.o7F1FlOjs8/repo
++ LLL_URL=http://127.0.0.1:35353
++ /Users/bcm/dv/lll-wt-179/target/.lisette/bin/lll issue start
+ out='Started ENG-6: Roundtrip issue (◐ in-progress)
Branch: eng-6-roundtrip-issue
Switched to existing branch '\''eng-6-roundtrip-issue'\'''
+ assert_contains 'Started ENG-6: Roundtrip issue (◐ in-progress)
Branch: eng-6-roundtrip-issue
Switched to existing branch '\''eng-6-roundtrip-issue'\''' 'Started ENG-6' 'inferred start output'
+ printf %s 'Started ENG-6: Roundtrip issue (◐ in-progress)
Branch: eng-6-roundtrip-issue
Switched to existing branch '\''eng-6-roundtrip-issue'\'''
+ grep -F -- 'Started ENG-6'
+ assert_contains 'Started ENG-6: Roundtrip issue (◐ in-progress)
Branch: eng-6-roundtrip-issue
Switched to existing branch '\''eng-6-roundtrip-issue'\''' 'Switched to existing branch '\''eng-6-roundtrip-issue'\''' 'start reuses branch'
+ printf %s 'Started ENG-6: Roundtrip issue (◐ in-progress)
Branch: eng-6-roundtrip-issue
Switched to existing branch '\''eng-6-roundtrip-issue'\'''
+ grep -F -- 'Switched to existing branch '\''eng-6-roundtrip-issue'\'''
++ cd /var/folders/dw/_2dd8rzs1_1dvtbbt2tdsxy80000gn/T/tmp.o7F1FlOjs8/repo
++ LLL_URL=http://127.0.0.1:35353
++ /Users/bcm/dv/lll-wt-179/target/.lisette/bin/lll issue view
+ out='ENG-6 Roundtrip issue

State:     ◐ in-progress
Priority:  medium
Assignee:  none
Project:   none
Labels:    none
Created:   just now
Updated:   just now'
+ assert_contains 'ENG-6 Roundtrip issue

State:     ◐ in-progress
Priority:  medium
Assignee:  none
Project:   none
Labels:    none
Created:   just now
Updated:   just now' 'ENG-6 Roundtrip issue' 'inferred view header'
+ printf %s 'ENG-6 Roundtrip issue

State:     ◐ in-progress
Priority:  medium
Assignee:  none
Project:   none
Labels:    none
Created:   just now
Updated:   just now'
+ grep -F -- 'ENG-6 Roundtrip issue'
+ assert_contains 'ENG-6 Roundtrip issue

State:     ◐ in-progress
Priority:  medium
Assignee:  none
Project:   none
Labels:    none
Created:   just now
Updated:   just now' '◐ in-progress' 'start set in-progress'
+ printf %s 'ENG-6 Roundtrip issue

State:     ◐ in-progress
Priority:  medium
Assignee:  none
Project:   none
Labels:    none
Created:   just now
Updated:   just now'
+ grep -F -- '◐ in-progress'
++ cd /var/folders/dw/_2dd8rzs1_1dvtbbt2tdsxy80000gn/T/tmp.o7F1FlOjs8/repo
++ LLL_URL=http://127.0.0.1:35353
++ /Users/bcm/dv/lll-wt-179/target/.lisette/bin/lll issue update --priority 1 --title 'Roundtrip issue v2'
+ out='Updated ENG-6'
+ assert_contains 'Updated ENG-6' 'Updated ENG-6' 'inferred update output'
+ printf %s 'Updated ENG-6'
+ grep -F -- 'Updated ENG-6'
++ LLL_URL=http://127.0.0.1:35353
++ target/.lisette/bin/lll issue view ENG-6
+ out='ENG-6 Roundtrip issue v2

State:     ◐ in-progress
Priority:  urgent
Assignee:  none
Project:   none
Labels:    none
Created:   just now
Updated:   just now'
+ assert_contains 'ENG-6 Roundtrip issue v2

State:     ◐ in-progress
Priority:  urgent
Assignee:  none
Project:   none
Labels:    none
Created:   just now
Updated:   just now' 'ENG-6 Roundtrip issue v2' 'update changed title'
+ printf %s 'ENG-6 Roundtrip issue v2

State:     ◐ in-progress
Priority:  urgent
Assignee:  none
Project:   none
Labels:    none
Created:   just now
Updated:   just now'
+ grep -F -- 'ENG-6 Roundtrip issue v2'
+ assert_contains 'ENG-6 Roundtrip issue v2

State:     ◐ in-progress
Priority:  urgent
Assignee:  none
Project:   none
Labels:    none
Created:   just now
Updated:   just now' 'Priority:  urgent' 'update changed priority'
+ printf %s 'ENG-6 Roundtrip issue v2

State:     ◐ in-progress
Priority:  urgent
Assignee:  none
Project:   none
Labels:    none
Created:   just now
Updated:   just now'
+ grep -F -- 'Priority:  urgent'
++ cd /var/folders/dw/_2dd8rzs1_1dvtbbt2tdsxy80000gn/T/tmp.o7F1FlOjs8/repo
++ LLL_URL=http://127.0.0.1:35353
++ /Users/bcm/dv/lll-wt-179/target/.lisette/bin/lll issue close
+ out='Closed ENG-6 ● done'
+ assert_contains 'Closed ENG-6 ● done' 'Closed ENG-6' 'inferred close output'
+ printf %s 'Closed ENG-6 ● done'
+ grep -F -- 'Closed ENG-6'
++ LLL_URL=http://127.0.0.1:35353
++ LLL_TEAM=ENG
++ target/.lisette/bin/lll issue list --state done
+ out='ENG-6  ● done  !!!  Roundtrip issue v2    just now'
+ assert_contains 'ENG-6  ● done  !!!  Roundtrip issue v2    just now' ENG-6 'closed issue listed as done'
+ printf %s 'ENG-6  ● done  !!!  Roundtrip issue v2    just now'
+ grep -F -- ENG-6
+ assert_contains 'ENG-6  ● done  !!!  Roundtrip issue v2    just now' '● done' 'list shows done glyph'
+ printf %s 'ENG-6  ● done  !!!  Roundtrip issue v2    just now'
+ grep -F -- '● done'
+ git -C /var/folders/dw/_2dd8rzs1_1dvtbbt2tdsxy80000gn/T/tmp.o7F1FlOjs8/repo switch -q -c not-an-issue-branch
+ set +e
++ cd /var/folders/dw/_2dd8rzs1_1dvtbbt2tdsxy80000gn/T/tmp.o7F1FlOjs8/repo
++ LLL_URL=http://127.0.0.1:35353
++ /Users/bcm/dv/lll-wt-179/target/.lisette/bin/lll issue view
+ out='Error: no issue ID given and current branch '\''not-an-issue-branch'\'' doesn'\''t look like eng-123-...
usage: lll issue view [KEY-123] [--json] [--raw] [-w]'
+ rc=1
+ set -e
+ '[' 1 -ne 0 ']'
+ assert_contains 'Error: no issue ID given and current branch '\''not-an-issue-branch'\'' doesn'\''t look like eng-123-...
usage: lll issue view [KEY-123] [--json] [--raw] [-w]' 'doesn'\''t look like eng-123-' 'inference failure names the convention'
+ printf %s 'Error: no issue ID given and current branch '\''not-an-issue-branch'\'' doesn'\''t look like eng-123-...
usage: lll issue view [KEY-123] [--json] [--raw] [-w]'
+ grep -F -- 'doesn'\''t look like eng-123-'
+ set +e
++ LLL_URL=http://127.0.0.1:35353
++ target/.lisette/bin/lll issue update ENG-6
+ out='Error: nothing to update — pass at least one flag
usage: lll issue update [KEY-123] [--state s] [--priority 0-4] [--assignee name] [--label name]... [--project name] [--title t] [--description d] [--emoji e]'
+ rc=1
+ set -e
+ '[' 1 -ne 0 ']'
+ assert_contains 'Error: nothing to update — pass at least one flag
usage: lll issue update [KEY-123] [--state s] [--priority 0-4] [--assignee name] [--label name]... [--project name] [--title t] [--description d] [--emoji e]' 'nothing to update' 'update requires a flag'
+ printf %s 'Error: nothing to update — pass at least one flag
usage: lll issue update [KEY-123] [--state s] [--priority 0-4] [--assignee name] [--label name]... [--project name] [--title t] [--description d] [--emoji e]'
+ grep -F -- 'nothing to update'
+ set +e
++ LLL_URL=http://127.0.0.1:35353
++ target/.lisette/bin/lll issue update ENG-6 --state bogus
+ out='Error: unknown state '\''bogus'\'' (use one of: backlog, todo, in-progress, in-review, done, cancelled)'
+ rc=1
+ set -e
+ '[' 1 -ne 0 ']'
+ assert_contains 'Error: unknown state '\''bogus'\'' (use one of: backlog, todo, in-progress, in-review, done, cancelled)' 'unknown state '\''bogus'\''' 'update validates state'
+ printf %s 'Error: unknown state '\''bogus'\'' (use one of: backlog, todo, in-progress, in-review, done, cancelled)'
+ grep -F -- 'unknown state '\''bogus'\'''
+ set +e
++ LLL_URL=http://127.0.0.1:35353
++ target/.lisette/bin/lll issue update ENG-99 --priority 2
+ out='Error: issue ENG-99 not found — check '\''lll issue list'\'' or LLL_TEAM'
+ rc=1
+ set -e
+ '[' 1 -ne 0 ']'
+ assert_contains 'Error: issue ENG-99 not found — check '\''lll issue list'\'' or LLL_TEAM' 'issue ENG-99 not found' 'update unknown ID message'
+ printf %s 'Error: issue ENG-99 not found — check '\''lll issue list'\'' or LLL_TEAM'
+ grep -F -- 'issue ENG-99 not found'
+ set +e
++ LLL_URL=http://127.0.0.1:35353
++ target/.lisette/bin/lll issue close ZZZ-9
+ out='Error: issue ZZZ-9 not found — check '\''lll issue list'\'' or LLL_TEAM'
+ rc=1
+ set -e
+ '[' 1 -ne 0 ']'
+ assert_contains 'Error: issue ZZZ-9 not found — check '\''lll issue list'\'' or LLL_TEAM' 'issue ZZZ-9 not found' 'close unknown ID message'
+ printf %s 'Error: issue ZZZ-9 not found — check '\''lll issue list'\'' or LLL_TEAM'
+ grep -F -- 'issue ZZZ-9 not found'
++ LLL_URL=http://127.0.0.1:35353
++ LLL_TEAM=ENG
++ target/.lisette/bin/lll issue create -t 'Delete me'
+ out='Created ENG-7: Delete me'
+ assert_contains 'Created ENG-7: Delete me' 'Created ENG-7' 'delete target created'
+ printf %s 'Created ENG-7: Delete me'
+ grep -F -- 'Created ENG-7'
++ printf 'n\n'
++ LLL_URL=http://127.0.0.1:35353
++ target/.lisette/bin/lll issue delete ENG-7
+ out='delete ENG-7? [y/N] Aborted.'
+ assert_contains 'delete ENG-7? [y/N] Aborted.' 'delete ENG-7? [y/N]' 'delete prompts'
+ printf %s 'delete ENG-7? [y/N] Aborted.'
+ grep -F -- 'delete ENG-7? [y/N]'
+ assert_contains 'delete ENG-7? [y/N] Aborted.' Aborted. 'delete declined'
+ printf %s 'delete ENG-7? [y/N] Aborted.'
+ grep -F -- Aborted.
++ LLL_URL=http://127.0.0.1:35353
++ LLL_TEAM=ENG
++ target/.lisette/bin/lll issue list
+ out='ENG-1  ○ todo            First engineering issue     just now
ENG-2  ○ todo            Second engineering issue    just now
ENG-3  ◉ in-review  !!   Fix login flow              just now
ENG-4  ○ todo       !!!  Server on fire              just now
ENG-5  ○ todo       ·    Tidy readme                 just now
ENG-6  ● done       !!!  Roundtrip issue v2          just now
ENG-7  ○ todo            Delete me                   just now'
+ assert_contains 'ENG-1  ○ todo            First engineering issue     just now
ENG-2  ○ todo            Second engineering issue    just now
ENG-3  ◉ in-review  !!   Fix login flow              just now
ENG-4  ○ todo       !!!  Server on fire              just now
ENG-5  ○ todo       ·    Tidy readme                 just now
ENG-6  ● done       !!!  Roundtrip issue v2          just now
ENG-7  ○ todo            Delete me                   just now' ENG-7 'declined delete keeps the issue'
+ printf %s 'ENG-1  ○ todo            First engineering issue     just now
ENG-2  ○ todo            Second engineering issue    just now
ENG-3  ◉ in-review  !!   Fix login flow              just now
ENG-4  ○ todo       !!!  Server on fire              just now
ENG-5  ○ todo       ·    Tidy readme                 just now
ENG-6  ● done       !!!  Roundtrip issue v2          just now
ENG-7  ○ todo            Delete me                   just now'
+ grep -F -- ENG-7
+ set +e
++ LLL_URL=http://127.0.0.1:35353
++ target/.lisette/bin/lll issue delete
+ out='Error: usage: lll issue delete KEY-123 [--force]'
+ rc=1
+ set -e
+ '[' 1 -ne 0 ']'
+ assert_contains 'Error: usage: lll issue delete KEY-123 [--force]' 'lll issue delete KEY-123' 'delete requires explicit ID'
+ printf %s 'Error: usage: lll issue delete KEY-123 [--force]'
+ grep -F -- 'lll issue delete KEY-123'
++ LLL_URL=http://127.0.0.1:35353
++ target/.lisette/bin/lll issue delete ENG-7 --force
+ out='Deleted ENG-7'
+ assert_contains 'Deleted ENG-7' 'Deleted ENG-7' 'forced delete output'
+ printf %s 'Deleted ENG-7'
+ grep -F -- 'Deleted ENG-7'
++ LLL_URL=http://127.0.0.1:35353
++ LLL_TEAM=ENG
++ target/.lisette/bin/lll issue list
+ out='ENG-1  ○ todo            First engineering issue     just now
ENG-2  ○ todo            Second engineering issue    just now
ENG-3  ◉ in-review  !!   Fix login flow              just now
ENG-4  ○ todo       !!!  Server on fire              just now
ENG-5  ○ todo       ·    Tidy readme                 just now
ENG-6  ● done       !!!  Roundtrip issue v2          just now'
+ assert_not_contains 'ENG-1  ○ todo            First engineering issue     just now
ENG-2  ○ todo            Second engineering issue    just now
ENG-3  ◉ in-review  !!   Fix login flow              just now
ENG-4  ○ todo       !!!  Server on fire              just now
ENG-5  ○ todo       ·    Tidy readme                 just now
ENG-6  ● done       !!!  Roundtrip issue v2          just now' ENG-7 'forced delete removed the issue'
+ printf %s 'ENG-1  ○ todo            First engineering issue     just now
ENG-2  ○ todo            Second engineering issue    just now
ENG-3  ◉ in-review  !!   Fix login flow              just now
ENG-4  ○ todo       !!!  Server on fire              just now
ENG-5  ○ todo       ·    Tidy readme                 just now
ENG-6  ● done       !!!  Roundtrip issue v2          just now'
+ grep -F -- ENG-7
+ true
++ LLL_URL=http://127.0.0.1:35353
++ target/.lisette/bin/lll member add -n bryan -e bryan@example.com
+ out='Added member bryan'
+ assert_contains 'Added member bryan' 'Added member bryan' 'member add output'
+ printf %s 'Added member bryan'
+ grep -F -- 'Added member bryan'
++ LLL_URL=http://127.0.0.1:35353
++ target/.lisette/bin/lll member add -n carol
+ out='Added member carol'
+ assert_contains 'Added member carol' 'Added member carol' 'member add without email'
+ printf %s 'Added member carol'
+ grep -F -- 'Added member carol'
++ LLL_URL=http://127.0.0.1:35353
++ target/.lisette/bin/lll member list
+ out='alice	alice@members.invalid
bob	bob@members.invalid
bryan	bryan@example.com
carol	carol@members.invalid
e2e	e2e@members.invalid'
+ assert_contains 'alice	alice@members.invalid
bob	bob@members.invalid
bryan	bryan@example.com
carol	carol@members.invalid
e2e	e2e@members.invalid' bryan 'member list has bryan'
+ printf %s 'alice	alice@members.invalid
bob	bob@members.invalid
bryan	bryan@example.com
carol	carol@members.invalid
e2e	e2e@members.invalid'
+ grep -F -- bryan
+ assert_contains 'alice	alice@members.invalid
bob	bob@members.invalid
bryan	bryan@example.com
carol	carol@members.invalid
e2e	e2e@members.invalid' bryan@example.com 'member list shows email'
+ printf %s 'alice	alice@members.invalid
bob	bob@members.invalid
bryan	bryan@example.com
carol	carol@members.invalid
e2e	e2e@members.invalid'
+ grep -F -- bryan@example.com
+ assert_contains 'alice	alice@members.invalid
bob	bob@members.invalid
bryan	bryan@example.com
carol	carol@members.invalid
e2e	e2e@members.invalid' carol 'member list has carol'
+ printf %s 'alice	alice@members.invalid
bob	bob@members.invalid
bryan	bryan@example.com
carol	carol@members.invalid
e2e	e2e@members.invalid'
+ grep -F -- carol
+ assert_contains 'alice	alice@members.invalid
bob	bob@members.invalid
bryan	bryan@example.com
carol	carol@members.invalid
e2e	e2e@members.invalid' alice 'member list has the member config set me seeded'
+ grep -F -- alice
+ printf %s 'alice	alice@members.invalid
bob	bob@members.invalid
bryan	bryan@example.com
carol	carol@members.invalid
e2e	e2e@members.invalid'
++ curl -sf 'http://127.0.0.1:35353/api/collections/members/records?perPage=200'
++ jq -r '.items[] | select(.name=="carol") | .email'
+ carol_email=carol@members.invalid
+ assert_contains carol@members.invalid @members.invalid 'an email-less member got the reserved synthetic identity'
+ printf %s carol@members.invalid
+ grep -F -- @members.invalid
++ curl -s -X POST http://127.0.0.1:35353/api/collections/_superusers/auth-with-password -H 'Content-Type: application/json' -d '{"identity":"admin@local.dev","password":"admin-local-123"}'
++ jq -r .token
+ ADMIN=eyJhbGciOiJIUzI1NiIsInR5cCI6IkpXVCJ9.eyJjb2xsZWN0aW9uSWQiOiJwYmNfMzE0MjYzNTgyMyIsImV4cCI6MTc4ODI1MDExNSwiaWQiOiJud3huODNlMTJuZDdsZmoiLCJyZWZyZXNoYWJsZSI6dHJ1ZSwidHlwZSI6ImF1dGgifQ.JXi3FFfMj2hQHNpdmpo1fwGw2jLS1mg2zQwcy2gSnQk
+ '[' -n eyJhbGciOiJIUzI1NiIsInR5cCI6IkpXVCJ9.eyJjb2xsZWN0aW9uSWQiOiJwYmNfMzE0MjYzNTgyMyIsImV4cCI6MTc4ODI1MDExNSwiaWQiOiJud3huODNlMTJuZDdsZmoiLCJyZWZyZXNoYWJsZSI6dHJ1ZSwidHlwZSI6ImF1dGgifQ.JXi3FFfMj2hQHNpdmpo1fwGw2jLS1mg2zQwcy2gSnQk ']'
+ '[' eyJhbGciOiJIUzI1NiIsInR5cCI6IkpXVCJ9.eyJjb2xsZWN0aW9uSWQiOiJwYmNfMzE0MjYzNTgyMyIsImV4cCI6MTc4ODI1MDExNSwiaWQiOiJud3huODNlMTJuZDdsZmoiLCJyZWZyZXNoYWJsZSI6dHJ1ZSwidHlwZSI6ImF1dGgifQ.JXi3FFfMj2hQHNpdmpo1fwGw2jLS1mg2zQwcy2gSnQk '!=' null ']'
++ curl -sf 'http://127.0.0.1:35353/api/collections/members/records?perPage=200'
++ jq -r '.items[] | select(.name=="bryan") | .id'
+ BRYAN_ID=wb7dpsrxdbyjgmn
+ curl -sf -X PATCH http://127.0.0.1:35353/api/collections/members/records/wb7dpsrxdbyjgmn -H 'Content-Type: application/json' -H 'Authorization: Bearer eyJhbGciOiJIUzI1NiIsInR5cCI6IkpXVCJ9.eyJjb2xsZWN0aW9uSWQiOiJwYmNfMzE0MjYzNTgyMyIsImV4cCI6MTc4ODI1MDExNSwiaWQiOiJud3huODNlMTJuZDdsZmoiLCJyZWZyZXNoYWJsZSI6dHJ1ZSwidHlwZSI6ImF1dGgifQ.JXi3FFfMj2hQHNpdmpo1fwGw2jLS1mg2zQwcy2gSnQk' -d '{"password":"bryan-pass-123","passwordConfirm":"bryan-pass-123"}'
++ set +e
++ curl -s -X POST http://127.0.0.1:35353/api/collections/members/auth-with-password -H 'Content-Type: application/json' -d '{"identity":"bryan@example.com","password":"bryan-pass-123"}'
++ set -e
+ AUTH='{"record":{"collectionId":"pbc_3572739349","collectionName":"members","created":"2026-08-31 08:08:34.925Z","email":"bryan@example.com","emailVisibility":true,"id":"wb7dpsrxdbyjgmn","name":"bryan","updated":"2026-08-31 08:08:35.357Z","verified":false},"token":"eyJhbGciOiJIUzI1NiIsInR5cCI6IkpXVCJ9.eyJjb2xsZWN0aW9uSWQiOiJwYmNfMzU3MjczOTM0OSIsImV4cCI6MTc4ODU5NTcxNSwiaWQiOiJ3YjdkcHNyeGRieWpnbW4iLCJyZWZyZXNoYWJsZSI6dHJ1ZSwidHlwZSI6ImF1dGgifQ.nID6bxClDBibKdS77j-0ndt-COdV97JV8v364wTXKbk"}'
+ assert_contains '{"record":{"collectionId":"pbc_3572739349","collectionName":"members","created":"2026-08-31 08:08:34.925Z","email":"bryan@example.com","emailVisibility":true,"id":"wb7dpsrxdbyjgmn","name":"bryan","updated":"2026-08-31 08:08:35.357Z","verified":false},"token":"eyJhbGciOiJIUzI1NiIsInR5cCI6IkpXVCJ9.eyJjb2xsZWN0aW9uSWQiOiJwYmNfMzU3MjczOTM0OSIsImV4cCI6MTc4ODU5NTcxNSwiaWQiOiJ3YjdkcHNyeGRieWpnbW4iLCJyZWZyZXNoYWJsZSI6dHJ1ZSwidHlwZSI6ImF1dGgifQ.nID6bxClDBibKdS77j-0ndt-COdV97JV8v364wTXKbk"}' '"token"' 'auth-with-password returns a token'
+ printf %s '{"record":{"collectionId":"pbc_3572739349","collectionName":"members","created":"2026-08-31 08:08:34.925Z","email":"bryan@example.com","emailVisibility":true,"id":"wb7dpsrxdbyjgmn","name":"bryan","updated":"2026-08-31 08:08:35.357Z","verified":false},"token":"eyJhbGciOiJIUzI1NiIsInR5cCI6IkpXVCJ9.eyJjb2xsZWN0aW9uSWQiOiJwYmNfMzU3MjczOTM0OSIsImV4cCI6MTc4ODU5NTcxNSwiaWQiOiJ3YjdkcHNyeGRieWpnbW4iLCJyZWZyZXNoYWJsZSI6dHJ1ZSwidHlwZSI6ImF1dGgifQ.nID6bxClDBibKdS77j-0ndt-COdV97JV8v364wTXKbk"}'
+ grep -F -- '"token"'
++ printf %s '{"record":{"collectionId":"pbc_3572739349","collectionName":"members","created":"2026-08-31 08:08:34.925Z","email":"bryan@example.com","emailVisibility":true,"id":"wb7dpsrxdbyjgmn","name":"bryan","updated":"2026-08-31 08:08:35.357Z","verified":false},"token":"eyJhbGciOiJIUzI1NiIsInR5cCI6IkpXVCJ9.eyJjb2xsZWN0aW9uSWQiOiJwYmNfMzU3MjczOTM0OSIsImV4cCI6MTc4ODU5NTcxNSwiaWQiOiJ3YjdkcHNyeGRieWpnbW4iLCJyZWZyZXNoYWJsZSI6dHJ1ZSwidHlwZSI6ImF1dGgifQ.nID6bxClDBibKdS77j-0ndt-COdV97JV8v364wTXKbk"}'
++ jq -r .token
+ TOKEN=eyJhbGciOiJIUzI1NiIsInR5cCI6IkpXVCJ9.eyJjb2xsZWN0aW9uSWQiOiJwYmNfMzU3MjczOTM0OSIsImV4cCI6MTc4ODU5NTcxNSwiaWQiOiJ3YjdkcHNyeGRieWpnbW4iLCJyZWZyZXNoYWJsZSI6dHJ1ZSwidHlwZSI6ImF1dGgifQ.nID6bxClDBibKdS77j-0ndt-COdV97JV8v364wTXKbk
+ '[' -n eyJhbGciOiJIUzI1NiIsInR5cCI6IkpXVCJ9.eyJjb2xsZWN0aW9uSWQiOiJwYmNfMzU3MjczOTM0OSIsImV4cCI6MTc4ODU5NTcxNSwiaWQiOiJ3YjdkcHNyeGRieWpnbW4iLCJyZWZyZXNoYWJsZSI6dHJ1ZSwidHlwZSI6ImF1dGgifQ.nID6bxClDBibKdS77j-0ndt-COdV97JV8v364wTXKbk ']'
+ '[' eyJhbGciOiJIUzI1NiIsInR5cCI6IkpXVCJ9.eyJjb2xsZWN0aW9uSWQiOiJwYmNfMzU3MjczOTM0OSIsImV4cCI6MTc4ODU5NTcxNSwiaWQiOiJ3YjdkcHNyeGRieWpnbW4iLCJyZWZyZXNoYWJsZSI6dHJ1ZSwidHlwZSI6ImF1dGgifQ.nID6bxClDBibKdS77j-0ndt-COdV97JV8v364wTXKbk '!=' null ']'
++ curl -s -o /dev/null -w '%{http_code}' -H 'Authorization: Bearer eyJhbGciOiJIUzI1NiIsInR5cCI6IkpXVCJ9.eyJjb2xsZWN0aW9uSWQiOiJwYmNfMzU3MjczOTM0OSIsImV4cCI6MTc4ODU5NTcxNSwiaWQiOiJ3YjdkcHNyeGRieWpnbW4iLCJyZWZyZXNoYWJsZSI6dHJ1ZSwidHlwZSI6ImF1dGgifQ.nID6bxClDBibKdS77j-0ndt-COdV97JV8v364wTXKbk' 'http://127.0.0.1:35353/api/collections/issues/records?perPage=1'
+ code=200
+ '[' 200 = 200 ']'
++ LLL_URL=http://127.0.0.1:35353
++ LLL_TEAM=ENG
++ target/.lisette/bin/lll issue create -t 'Assigned issue' --assignee bryan
+ out='Created ENG-7: Assigned issue'
+ assert_contains 'Created ENG-7: Assigned issue' 'Created ENG-7: Assigned issue' 'assigned create output'
+ printf %s 'Created ENG-7: Assigned issue'
+ grep -F -- 'Created ENG-7: Assigned issue'
++ LLL_URL=http://127.0.0.1:35353
++ LLL_TEAM=ENG
++ target/.lisette/bin/lll issue list
+ out='ENG-1  ○ todo            First engineering issue          just now
ENG-2  ○ todo            Second engineering issue         just now
ENG-3  ◉ in-review  !!   Fix login flow                   just now
ENG-4  ○ todo       !!!  Server on fire                   just now
ENG-5  ○ todo       ·    Tidy readme                      just now
ENG-6  ● done       !!!  Roundtrip issue v2               just now
ENG-7  ○ todo            Assigned issue            bryan  just now'
+ assert_contains 'ENG-1  ○ todo            First engineering issue          just now
ENG-2  ○ todo            Second engineering issue         just now
ENG-3  ◉ in-review  !!   Fix login flow                   just now
ENG-4  ○ todo       !!!  Server on fire                   just now
ENG-5  ○ todo       ·    Tidy readme                      just now
ENG-6  ● done       !!!  Roundtrip issue v2               just now
ENG-7  ○ todo            Assigned issue            bryan  just now' bryan 'list shows assignee column'
+ printf %s 'ENG-1  ○ todo            First engineering issue          just now
ENG-2  ○ todo            Second engineering issue         just now
ENG-3  ◉ in-review  !!   Fix login flow                   just now
ENG-4  ○ todo       !!!  Server on fire                   just now
ENG-5  ○ todo       ·    Tidy readme                      just now
ENG-6  ● done       !!!  Roundtrip issue v2               just now
ENG-7  ○ todo            Assigned issue            bryan  just now'
+ grep -F -- bryan
++ LLL_URL=http://127.0.0.1:35353
++ target/.lisette/bin/lll issue view ENG-7
+ out='ENG-7 Assigned issue

State:     ○ todo
Priority:  none
Assignee:  bryan
Project:   none
Labels:    none
Created:   just now
Updated:   just now'
+ assert_contains 'ENG-7 Assigned issue

State:     ○ todo
Priority:  none
Assignee:  bryan
Project:   none
Labels:    none
Created:   just now
Updated:   just now' 'Assignee:  bryan' 'view shows assignee'
+ printf %s 'ENG-7 Assigned issue

State:     ○ todo
Priority:  none
Assignee:  bryan
Project:   none
Labels:    none
Created:   just now
Updated:   just now'
+ grep -F -- 'Assignee:  bryan'
++ LLL_URL=http://127.0.0.1:35353
++ target/.lisette/bin/lll issue view ENG-6
+ out='ENG-6 Roundtrip issue v2

State:     ● done
Priority:  urgent
Assignee:  none
Project:   none
Labels:    none
Created:   just now
Updated:   just now'
+ assert_contains 'ENG-6 Roundtrip issue v2

State:     ● done
Priority:  urgent
Assignee:  none
Project:   none
Labels:    none
Created:   just now
Updated:   just now' 'Assignee:  none' 'view shows unassigned as none'
+ printf %s 'ENG-6 Roundtrip issue v2

State:     ● done
Priority:  urgent
Assignee:  none
Project:   none
Labels:    none
Created:   just now
Updated:   just now'
+ grep -F -- 'Assignee:  none'
++ LLL_URL=http://127.0.0.1:35353
++ LLL_TEAM=ENG
++ target/.lisette/bin/lll issue list --assignee bryan
+ out='ENG-7  ○ todo    Assigned issue  bryan  just now'
+ assert_contains 'ENG-7  ○ todo    Assigned issue  bryan  just now' ENG-7 'assignee filter shows assigned issue'
+ printf %s 'ENG-7  ○ todo    Assigned issue  bryan  just now'
+ grep -F -- ENG-7
+ assert_not_contains 'ENG-7  ○ todo    Assigned issue  bryan  just now' ENG-6 'assignee filter hides unassigned issues'
+ printf %s 'ENG-7  ○ todo    Assigned issue  bryan  just now'
+ grep -F -- ENG-6
+ true
++ LLL_URL=http://127.0.0.1:35353
++ target/.lisette/bin/lll issue update ENG-6 --assignee alice
+ out='Updated ENG-6'
+ assert_contains 'Updated ENG-6' 'Updated ENG-6' 'update --assignee output'
+ printf %s 'Updated ENG-6'
+ grep -F -- 'Updated ENG-6'
++ LLL_URL=http://127.0.0.1:35353
++ target/.lisette/bin/lll issue view ENG-6
+ out='ENG-6 Roundtrip issue v2

State:     ● done
Priority:  urgent
Assignee:  alice
Project:   none
Labels:    none
Created:   just now
Updated:   just now'
+ assert_contains 'ENG-6 Roundtrip issue v2

State:     ● done
Priority:  urgent
Assignee:  alice
Project:   none
Labels:    none
Created:   just now
Updated:   just now' 'Assignee:  alice' 'update set assignee'
+ printf %s 'ENG-6 Roundtrip issue v2

State:     ● done
Priority:  urgent
Assignee:  alice
Project:   none
Labels:    none
Created:   just now
Updated:   just now'
+ grep -F -- 'Assignee:  alice'
++ LLL_URL=http://127.0.0.1:35353
++ LLL_TEAM=ENG
++ target/.lisette/bin/lll issue list --assignee alice
+ out='ENG-6  ● done  !!!  Roundtrip issue v2  alice  just now'
+ assert_contains 'ENG-6  ● done  !!!  Roundtrip issue v2  alice  just now' ENG-6 'assignee filter finds updated issue'
+ printf %s 'ENG-6  ● done  !!!  Roundtrip issue v2  alice  just now'
+ grep -F -- ENG-6
+ assert_not_contains 'ENG-6  ● done  !!!  Roundtrip issue v2  alice  just now' ENG-7 'assignee filter scoped to alice'
+ printf %s 'ENG-6  ● done  !!!  Roundtrip issue v2  alice  just now'
+ grep -F -- ENG-7
+ true
+ set +e
++ LLL_URL=http://127.0.0.1:35353
++ LLL_TEAM=ENG
++ target/.lisette/bin/lll issue create -t Nope --assignee nobody
+ out='Error: no member named '\''nobody'\'' — see '\''lll member list'\'''
+ rc=1
+ set -e
+ '[' 1 -ne 0 ']'
+ assert_contains 'Error: no member named '\''nobody'\'' — see '\''lll member list'\''' 'no member named '\''nobody'\''' 'unknown member message'
+ printf %s 'Error: no member named '\''nobody'\'' — see '\''lll member list'\'''
+ grep -F -- 'no member named '\''nobody'\'''
+ assert_contains 'Error: no member named '\''nobody'\'' — see '\''lll member list'\''' 'lll member list' 'unknown member names the fix'
+ printf %s 'Error: no member named '\''nobody'\'' — see '\''lll member list'\'''
+ grep -F -- 'lll member list'
+ set +e
++ LLL_URL=http://127.0.0.1:35353
++ target/.lisette/bin/lll issue update ENG-6 --assignee nobody
+ out='Error: no member named '\''nobody'\'' — see '\''lll member list'\'''
+ rc=1
+ set -e
+ '[' 1 -ne 0 ']'
+ assert_contains 'Error: no member named '\''nobody'\'' — see '\''lll member list'\''' 'no member named '\''nobody'\''' 'update unknown member message'
+ printf %s 'Error: no member named '\''nobody'\'' — see '\''lll member list'\'''
+ grep -F -- 'no member named '\''nobody'\'''
+ set +e
++ LLL_URL=http://127.0.0.1:35353
++ LLL_TEAM=ENG
++ target/.lisette/bin/lll issue list --assignee nobody
+ out='Error: no member named '\''nobody'\'' — see '\''lll member list'\'''
+ rc=1
+ set -e
+ '[' 1 -ne 0 ']'
+ assert_contains 'Error: no member named '\''nobody'\'' — see '\''lll member list'\''' 'no member named '\''nobody'\''' 'list unknown member message'
+ printf %s 'Error: no member named '\''nobody'\'' — see '\''lll member list'\'''
+ grep -F -- 'no member named '\''nobody'\'''
++ LLL_URL=http://127.0.0.1:35353
++ target/.lisette/bin/lll issue view ENG-7 --json
++ jq -r .expand.assignee.name
+ aname=bryan
+ '[' bryan = bryan ']'
++ LLL_URL=http://127.0.0.1:35353
++ LLL_TEAM=ENG
++ target/.lisette/bin/lll issue list --assignee bryan --json
++ jq -r '.items[0].expand.assignee.name'
+ aname=bryan
+ '[' bryan = bryan ']'
+ printf 'url = "%s"\nteam = "ENG"\nme = "bryan"\n' http://127.0.0.1:35353
++ cd /var/folders/dw/_2dd8rzs1_1dvtbbt2tdsxy80000gn/T/tmp.o7F1FlOjs8/work
++ env -u LLL_URL -u LLL_TEAM HOME=/var/folders/dw/_2dd8rzs1_1dvtbbt2tdsxy80000gn/T/tmp.o7F1FlOjs8/home /Users/bcm/dv/lll-wt-179/target/.lisette/bin/lll issue comment ENG-7 -b 'Looks good to me'
+ out='Commented on ENG-7'
+ assert_contains 'Commented on ENG-7' 'Commented on ENG-7' 'comment add output'
+ printf %s 'Commented on ENG-7'
+ grep -F -- 'Commented on ENG-7'
++ LLL_URL=http://127.0.0.1:35353
++ target/.lisette/bin/lll issue view ENG-7
+ out='ENG-7 Assigned issue

State:     ○ todo
Priority:  none
Assignee:  bryan
Project:   none
Labels:    none
Created:   just now
Updated:   just now

Comments:

bryan (just now)
  Looks good to me'
+ assert_contains 'ENG-7 Assigned issue

State:     ○ todo
Priority:  none
Assignee:  bryan
Project:   none
Labels:    none
Created:   just now
Updated:   just now

Comments:

bryan (just now)
  Looks good to me' Comments: 'view has comments section'
+ printf %s 'ENG-7 Assigned issue

State:     ○ todo
Priority:  none
Assignee:  bryan
Project:   none
Labels:    none
Created:   just now
Updated:   just now

Comments:

bryan (just now)
  Looks good to me'
+ grep -F -- Comments:
+ assert_contains 'ENG-7 Assigned issue

State:     ○ todo
Priority:  none
Assignee:  bryan
Project:   none
Labels:    none
Created:   just now
Updated:   just now

Comments:

bryan (just now)
  Looks good to me' 'bryan (just now)' 'view comment author and relative date'
+ printf %s 'ENG-7 Assigned issue

State:     ○ todo
Priority:  none
Assignee:  bryan
Project:   none
Labels:    none
Created:   just now
Updated:   just now

Comments:

bryan (just now)
  Looks good to me'
+ grep -F -- 'bryan (just now)'
+ assert_contains 'ENG-7 Assigned issue

State:     ○ todo
Priority:  none
Assignee:  bryan
Project:   none
Labels:    none
Created:   just now
Updated:   just now

Comments:

bryan (just now)
  Looks good to me' 'Looks good to me' 'view comment body'
+ printf %s 'ENG-7 Assigned issue

State:     ○ todo
Priority:  none
Assignee:  bryan
Project:   none
Labels:    none
Created:   just now
Updated:   just now

Comments:

bryan (just now)
  Looks good to me'
+ grep -F -- 'Looks good to me'
++ LLL_URL=http://127.0.0.1:35353
++ target/.lisette/bin/lll issue comment ENG-7
+ out='bryan (just now)
  Looks good to me'
+ assert_contains 'bryan (just now)
  Looks good to me' 'bryan (just now)' 'comment list author'
+ printf %s 'bryan (just now)
  Looks good to me'
+ grep -F -- 'bryan (just now)'
+ assert_contains 'bryan (just now)
  Looks good to me' 'Looks good to me' 'comment list body'
+ printf %s 'bryan (just now)
  Looks good to me'
+ grep -F -- 'Looks good to me'
++ LLL_URL=http://127.0.0.1:35353
++ target/.lisette/bin/lll issue comment ENG-7 -b 'Anonymous note'
+ out='Commented on ENG-7'
+ assert_contains 'Commented on ENG-7' 'Commented on ENG-7' 'authorless comment (me unset) accepted'
+ printf %s 'Commented on ENG-7'
+ grep -F -- 'Commented on ENG-7'
+ printf 'url = "%s"\nteam = "ENG"\nme = "ghost"\n' http://127.0.0.1:35353
++ cd /var/folders/dw/_2dd8rzs1_1dvtbbt2tdsxy80000gn/T/tmp.o7F1FlOjs8/work
++ env -u LLL_URL -u LLL_TEAM HOME=/var/folders/dw/_2dd8rzs1_1dvtbbt2tdsxy80000gn/T/tmp.o7F1FlOjs8/home /Users/bcm/dv/lll-wt-179/target/.lisette/bin/lll issue comment ENG-7 -b 'Ghost note'
+ out='Commented on ENG-7'
+ assert_contains 'Commented on ENG-7' 'Commented on ENG-7' 'authorless comment (me unmatched) accepted'
+ printf %s 'Commented on ENG-7'
+ grep -F -- 'Commented on ENG-7'
++ LLL_URL=http://127.0.0.1:35353
++ target/.lisette/bin/lll issue comment ENG-7
+ out='bryan (just now)
  Looks good to me
anon (just now)
  Anonymous note
anon (just now)
  Ghost note'
+ assert_contains 'bryan (just now)
  Looks good to me
anon (just now)
  Anonymous note
anon (just now)
  Ghost note' 'anon (just now)' 'authorless comments render as anon'
+ printf %s 'bryan (just now)
  Looks good to me
anon (just now)
  Anonymous note
anon (just now)
  Ghost note'
+ grep -F -- 'anon (just now)'
+ assert_contains 'bryan (just now)
  Looks good to me
anon (just now)
  Anonymous note
anon (just now)
  Ghost note' 'Anonymous note' 'authorless body listed'
+ printf %s 'bryan (just now)
  Looks good to me
anon (just now)
  Anonymous note
anon (just now)
  Ghost note'
+ grep -F -- 'Anonymous note'
+ assert_contains 'bryan (just now)
  Looks good to me
anon (just now)
  Anonymous note
anon (just now)
  Ghost note' 'Ghost note' 'unmatched-me body listed'
+ printf %s 'bryan (just now)
  Looks good to me
anon (just now)
  Anonymous note
anon (just now)
  Ghost note'
+ grep -F -- 'Ghost note'
+ git -C /var/folders/dw/_2dd8rzs1_1dvtbbt2tdsxy80000gn/T/tmp.o7F1FlOjs8/repo switch -q eng-6-roundtrip-issue
++ cd /var/folders/dw/_2dd8rzs1_1dvtbbt2tdsxy80000gn/T/tmp.o7F1FlOjs8/repo
++ LLL_URL=http://127.0.0.1:35353
++ /Users/bcm/dv/lll-wt-179/target/.lisette/bin/lll issue comment -b 'From the branch'
+ out='Commented on ENG-6'
+ assert_contains 'Commented on ENG-6' 'Commented on ENG-6' 'comment infers ID from branch'
+ printf %s 'Commented on ENG-6'
+ grep -F -- 'Commented on ENG-6'
++ cd /var/folders/dw/_2dd8rzs1_1dvtbbt2tdsxy80000gn/T/tmp.o7F1FlOjs8/repo
++ LLL_URL=http://127.0.0.1:35353
++ /Users/bcm/dv/lll-wt-179/target/.lisette/bin/lll issue comment
+ out='anon (just now)
  From the branch'
+ assert_contains 'anon (just now)
  From the branch' 'From the branch' 'inferred comment list'
+ printf %s 'anon (just now)
  From the branch'
+ grep -F -- 'From the branch'
++ LLL_URL=http://127.0.0.1:35353
++ target/.lisette/bin/lll issue comment ENG-1
+ out='No comments.'
+ assert_contains 'No comments.' 'No comments.' 'empty comment list message'
+ printf %s 'No comments.'
+ grep -F -- 'No comments.'
++ LLL_URL=http://127.0.0.1:35353
++ LLL_TEAM=ENG
++ target/.lisette/bin/lll project create -n 'Auth Revamp' -d 'Rework the login flow' --team ENG
+ out='Created project Auth Revamp (planned)'
+ assert_contains 'Created project Auth Revamp (planned)' 'Created project Auth Revamp (planned)' 'project create output'
+ printf %s 'Created project Auth Revamp (planned)'
+ grep -F -- 'Created project Auth Revamp (planned)'
++ LLL_URL=http://127.0.0.1:35353
++ LLL_TEAM=ENG
++ target/.lisette/bin/lll project create -n 'Perf Push' --status started
+ out='Created project Perf Push (started)'
+ assert_contains 'Created project Perf Push (started)' 'Created project Perf Push (started)' 'project create with --status'
+ printf %s 'Created project Perf Push (started)'
+ grep -F -- 'Created project Perf Push (started)'
++ LLL_URL=http://127.0.0.1:35353
++ LLL_TEAM=ENG
++ target/.lisette/bin/lll project list
+ out='Auth Revamp	planned	ENG
Perf Push	started	ENG'
+ assert_contains 'Auth Revamp	planned	ENG
Perf Push	started	ENG' 'Auth Revamp' 'project list has Auth Revamp'
+ printf %s 'Auth Revamp	planned	ENG
Perf Push	started	ENG'
+ grep -F -- 'Auth Revamp'
+ assert_contains 'Auth Revamp	planned	ENG
Perf Push	started	ENG' planned 'project list shows status'
+ printf %s 'Auth Revamp	planned	ENG
Perf Push	started	ENG'
+ grep -F -- planned
+ assert_contains 'Auth Revamp	planned	ENG
Perf Push	started	ENG' ENG 'project list shows team'
+ printf %s 'Auth Revamp	planned	ENG
Perf Push	started	ENG'
+ grep -F -- ENG
++ LLL_URL=http://127.0.0.1:35353
++ LLL_TEAM=OPS
++ target/.lisette/bin/lll project list
+ out=
+ assert_not_contains '' 'Auth Revamp' 'project list is scoped to the configured team'
+ printf %s ''
+ grep -F -- 'Auth Revamp'
+ true
+ set +e
++ LLL_URL=http://127.0.0.1:35353
++ LLL_TEAM=ENG
++ target/.lisette/bin/lll project create -n Bad --status bogus
+ out='Error: unknown status '\''bogus'\'' (use one of: planned, started, paused, completed, cancelled)'
+ rc=1
+ set -e
+ '[' 1 -ne 0 ']'
+ assert_contains 'Error: unknown status '\''bogus'\'' (use one of: planned, started, paused, completed, cancelled)' 'unknown status '\''bogus'\''' 'invalid project status message'
+ printf %s 'Error: unknown status '\''bogus'\'' (use one of: planned, started, paused, completed, cancelled)'
+ grep -F -- 'unknown status '\''bogus'\'''
++ LLL_URL=http://127.0.0.1:35353
++ LLL_TEAM=ENG
++ target/.lisette/bin/lll label create -n bug -c '#ff0000' --team ENG
+ out='Created label bug'
+ assert_contains 'Created label bug' 'Created label bug' 'label create output'
+ printf %s 'Created label bug'
+ grep -F -- 'Created label bug'
++ LLL_URL=http://127.0.0.1:35353
++ LLL_TEAM=ENG
++ target/.lisette/bin/lll label create -n chore
+ out='Created label chore'
+ assert_contains 'Created label chore' 'Created label chore' 'label create without color takes LLL_TEAM'
+ printf %s 'Created label chore'
+ grep -F -- 'Created label chore'
++ LLL_URL=http://127.0.0.1:35353
++ LLL_TEAM=ENG
++ target/.lisette/bin/lll label list
+ out='bug	#ff0000	ENG
chore		ENG'
+ assert_contains 'bug	#ff0000	ENG
chore		ENG' bug 'label list has bug'
+ printf %s 'bug	#ff0000	ENG
chore		ENG'
+ grep -F -- bug
+ assert_contains 'bug	#ff0000	ENG
chore		ENG' '#ff0000' 'label list shows color'
+ printf %s 'bug	#ff0000	ENG
chore		ENG'
+ grep -F -- '#ff0000'
+ assert_contains 'bug	#ff0000	ENG
chore		ENG' chore 'label list has chore'
+ printf %s 'bug	#ff0000	ENG
chore		ENG'
+ grep -F -- chore
++ LLL_URL=http://127.0.0.1:35353
++ LLL_TEAM=OPS
++ target/.lisette/bin/lll label list
+ out=
+ assert_not_contains '' chore 'label list is scoped to the configured team'
+ printf %s ''
+ grep -F -- chore
+ true
++ LLL_URL=http://127.0.0.1:35353
++ LLL_TEAM=ENG
++ target/.lisette/bin/lll issue create -t 'Labeled login fix' --label bug --label chore --project 'Auth Revamp'
+ out='Created ENG-8: Labeled login fix'
+ assert_contains 'Created ENG-8: Labeled login fix' 'Created ENG-8: Labeled login fix' 'labeled create output'
+ printf %s 'Created ENG-8: Labeled login fix'
+ grep -F -- 'Created ENG-8: Labeled login fix'
++ LLL_URL=http://127.0.0.1:35353
++ target/.lisette/bin/lll issue view ENG-8
+ out='ENG-8 Labeled login fix

State:     ○ todo
Priority:  none
Assignee:  none
Project:   Auth Revamp
Labels:    bug, chore
Created:   just now
Updated:   just now'
+ assert_contains 'ENG-8 Labeled login fix

State:     ○ todo
Priority:  none
Assignee:  none
Project:   Auth Revamp
Labels:    bug, chore
Created:   just now
Updated:   just now' 'Project:   Auth Revamp' 'view shows project'
+ printf %s 'ENG-8 Labeled login fix

State:     ○ todo
Priority:  none
Assignee:  none
Project:   Auth Revamp
Labels:    bug, chore
Created:   just now
Updated:   just now'
+ grep -F -- 'Project:   Auth Revamp'
+ assert_contains 'ENG-8 Labeled login fix

State:     ○ todo
Priority:  none
Assignee:  none
Project:   Auth Revamp
Labels:    bug, chore
Created:   just now
Updated:   just now' 'Labels:    bug, chore' 'view shows labels'
+ printf %s 'ENG-8 Labeled login fix

State:     ○ todo
Priority:  none
Assignee:  none
Project:   Auth Revamp
Labels:    bug, chore
Created:   just now
Updated:   just now'
+ grep -F -- 'Labels:    bug, chore'
++ LLL_URL=http://127.0.0.1:35353
++ target/.lisette/bin/lll issue view ENG-6
+ out='ENG-6 Roundtrip issue v2

State:     ● done
Priority:  urgent
Assignee:  alice
Project:   none
Labels:    none
Created:   just now
Updated:   just now

Comments:

anon (just now)
  From the branch'
+ assert_contains 'ENG-6 Roundtrip issue v2

State:     ● done
Priority:  urgent
Assignee:  alice
Project:   none
Labels:    none
Created:   just now
Updated:   just now

Comments:

anon (just now)
  From the branch' 'Project:   none' 'view shows unset project as none'
+ printf %s 'ENG-6 Roundtrip issue v2

State:     ● done
Priority:  urgent
Assignee:  alice
Project:   none
Labels:    none
Created:   just now
Updated:   just now

Comments:

anon (just now)
  From the branch'
+ grep -F -- 'Project:   none'
+ assert_contains 'ENG-6 Roundtrip issue v2

State:     ● done
Priority:  urgent
Assignee:  alice
Project:   none
Labels:    none
Created:   just now
Updated:   just now

Comments:

anon (just now)
  From the branch' 'Labels:    none' 'view shows unset labels as none'
+ printf %s 'ENG-6 Roundtrip issue v2

State:     ● done
Priority:  urgent
Assignee:  alice
Project:   none
Labels:    none
Created:   just now
Updated:   just now

Comments:

anon (just now)
  From the branch'
+ grep -F -- 'Labels:    none'
++ LLL_URL=http://127.0.0.1:35353
++ LLL_TEAM=ENG
++ target/.lisette/bin/lll issue list --label bug
+ out='ENG-8  ○ todo    Labeled login fix    just now'
+ assert_contains 'ENG-8  ○ todo    Labeled login fix    just now' ENG-8 'label filter shows labeled issue'
+ printf %s 'ENG-8  ○ todo    Labeled login fix    just now'
+ grep -F -- ENG-8
+ assert_not_contains 'ENG-8  ○ todo    Labeled login fix    just now' ENG-6 'label filter hides unlabeled issues'
+ printf %s 'ENG-8  ○ todo    Labeled login fix    just now'
+ grep -F -- ENG-6
+ true
++ LLL_URL=http://127.0.0.1:35353
++ LLL_TEAM=ENG
++ target/.lisette/bin/lll issue list --project 'Auth Revamp'
+ out='ENG-8  ○ todo    Labeled login fix    just now'
+ assert_contains 'ENG-8  ○ todo    Labeled login fix    just now' ENG-8 'project filter shows project issue'
+ printf %s 'ENG-8  ○ todo    Labeled login fix    just now'
+ grep -F -- ENG-8
+ assert_not_contains 'ENG-8  ○ todo    Labeled login fix    just now' ENG-6 'project filter hides other issues'
+ printf %s 'ENG-8  ○ todo    Labeled login fix    just now'
+ grep -F -- ENG-6
+ true
++ LLL_URL=http://127.0.0.1:35353
++ target/.lisette/bin/lll issue update ENG-6 --project 'Perf Push' --label chore
+ out='Updated ENG-6'
+ assert_contains 'Updated ENG-6' 'Updated ENG-6' 'update --project/--label output'
+ printf %s 'Updated ENG-6'
+ grep -F -- 'Updated ENG-6'
++ LLL_URL=http://127.0.0.1:35353
++ target/.lisette/bin/lll issue view ENG-6
+ out='ENG-6 Roundtrip issue v2

State:     ● done
Priority:  urgent
Assignee:  alice
Project:   Perf Push
Labels:    chore
Created:   just now
Updated:   just now

Comments:

anon (just now)
  From the branch'
+ assert_contains 'ENG-6 Roundtrip issue v2

State:     ● done
Priority:  urgent
Assignee:  alice
Project:   Perf Push
Labels:    chore
Created:   just now
Updated:   just now

Comments:

anon (just now)
  From the branch' 'Project:   Perf Push' 'update set project'
+ printf %s 'ENG-6 Roundtrip issue v2

State:     ● done
Priority:  urgent
Assignee:  alice
Project:   Perf Push
Labels:    chore
Created:   just now
Updated:   just now

Comments:

anon (just now)
  From the branch'
+ grep -F -- 'Project:   Perf Push'
+ assert_contains 'ENG-6 Roundtrip issue v2

State:     ● done
Priority:  urgent
Assignee:  alice
Project:   Perf Push
Labels:    chore
Created:   just now
Updated:   just now

Comments:

anon (just now)
  From the branch' 'Labels:    chore' 'update set labels'
+ printf %s 'ENG-6 Roundtrip issue v2

State:     ● done
Priority:  urgent
Assignee:  alice
Project:   Perf Push
Labels:    chore
Created:   just now
Updated:   just now

Comments:

anon (just now)
  From the branch'
+ grep -F -- 'Labels:    chore'
++ LLL_URL=http://127.0.0.1:35353
++ LLL_TEAM=ENG
++ target/.lisette/bin/lll issue list --project 'Perf Push'
+ out='ENG-6  ● done  !!!  Roundtrip issue v2  alice  just now'
+ assert_contains 'ENG-6  ● done  !!!  Roundtrip issue v2  alice  just now' ENG-6 'project filter finds updated issue'
+ printf %s 'ENG-6  ● done  !!!  Roundtrip issue v2  alice  just now'
+ grep -F -- ENG-6
+ assert_not_contains 'ENG-6  ● done  !!!  Roundtrip issue v2  alice  just now' ENG-8 'project filter scoped to Perf Push'
+ printf %s 'ENG-6  ● done  !!!  Roundtrip issue v2  alice  just now'
+ grep -F -- ENG-8
+ true
++ LLL_URL=http://127.0.0.1:35353
++ LLL_TEAM=ENG
++ target/.lisette/bin/lll issue list --label chore
+ out='ENG-6  ● done  !!!  Roundtrip issue v2  alice  just now
ENG-8  ○ todo       Labeled login fix          just now'
+ assert_contains 'ENG-6  ● done  !!!  Roundtrip issue v2  alice  just now
ENG-8  ○ todo       Labeled login fix          just now' ENG-6 'label filter finds updated issue'
+ printf %s 'ENG-6  ● done  !!!  Roundtrip issue v2  alice  just now
ENG-8  ○ todo       Labeled login fix          just now'
+ grep -F -- ENG-6
+ assert_contains 'ENG-6  ● done  !!!  Roundtrip issue v2  alice  just now
ENG-8  ○ todo       Labeled login fix          just now' ENG-8 'label filter matches multi-relation membership'
+ printf %s 'ENG-6  ● done  !!!  Roundtrip issue v2  alice  just now
ENG-8  ○ todo       Labeled login fix          just now'
+ grep -F -- ENG-8
++ LLL_URL=http://127.0.0.1:35353
++ LLL_TEAM=ENG
++ target/.lisette/bin/lll project view 'Auth Revamp'
+ out='Name:    Auth Revamp
Status:  planned
Team:    ENG

Rework the login flow

Issues:

ENG-8  ○ todo    Labeled login fix    just now'
+ assert_contains 'Name:    Auth Revamp
Status:  planned
Team:    ENG

Rework the login flow

Issues:

ENG-8  ○ todo    Labeled login fix    just now' 'Name:    Auth Revamp' 'project view name'
+ printf %s 'Name:    Auth Revamp
Status:  planned
Team:    ENG

Rework the login flow

Issues:

ENG-8  ○ todo    Labeled login fix    just now'
+ grep -F -- 'Name:    Auth Revamp'
+ assert_contains 'Name:    Auth Revamp
Status:  planned
Team:    ENG

Rework the login flow

Issues:

ENG-8  ○ todo    Labeled login fix    just now' 'Status:  planned' 'project view status'
+ printf %s 'Name:    Auth Revamp
Status:  planned
Team:    ENG

Rework the login flow

Issues:

ENG-8  ○ todo    Labeled login fix    just now'
+ grep -F -- 'Status:  planned'
+ assert_contains 'Name:    Auth Revamp
Status:  planned
Team:    ENG

Rework the login flow

Issues:

ENG-8  ○ todo    Labeled login fix    just now' 'Team:    ENG' 'project view team'
+ printf %s 'Name:    Auth Revamp
Status:  planned
Team:    ENG

Rework the login flow

Issues:

ENG-8  ○ todo    Labeled login fix    just now'
+ grep -F -- 'Team:    ENG'
+ assert_contains 'Name:    Auth Revamp
Status:  planned
Team:    ENG

Rework the login flow

Issues:

ENG-8  ○ todo    Labeled login fix    just now' 'Rework the login flow' 'project view description'
+ printf %s 'Name:    Auth Revamp
Status:  planned
Team:    ENG

Rework the login flow

Issues:

ENG-8  ○ todo    Labeled login fix    just now'
+ grep -F -- 'Rework the login flow'
+ assert_contains 'Name:    Auth Revamp
Status:  planned
Team:    ENG

Rework the login flow

Issues:

ENG-8  ○ todo    Labeled login fix    just now' Issues: 'project view issues section'
+ printf %s 'Name:    Auth Revamp
Status:  planned
Team:    ENG

Rework the login flow

Issues:

ENG-8  ○ todo    Labeled login fix    just now'
+ grep -F -- Issues:
+ assert_contains 'Name:    Auth Revamp
Status:  planned
Team:    ENG

Rework the login flow

Issues:

ENG-8  ○ todo    Labeled login fix    just now' ENG-8 'project view lists its issue'
+ printf %s 'Name:    Auth Revamp
Status:  planned
Team:    ENG

Rework the login flow

Issues:

ENG-8  ○ todo    Labeled login fix    just now'
+ grep -F -- ENG-8
+ assert_contains 'Name:    Auth Revamp
Status:  planned
Team:    ENG

Rework the login flow

Issues:

ENG-8  ○ todo    Labeled login fix    just now' 'Labeled login fix' 'project view issue title'
+ printf %s 'Name:    Auth Revamp
Status:  planned
Team:    ENG

Rework the login flow

Issues:

ENG-8  ○ todo    Labeled login fix    just now'
+ grep -F -- 'Labeled login fix'
+ assert_not_contains 'Name:    Auth Revamp
Status:  planned
Team:    ENG

Rework the login flow

Issues:

ENG-8  ○ todo    Labeled login fix    just now' ENG-6 'project view scoped to its issues'
+ printf %s 'Name:    Auth Revamp
Status:  planned
Team:    ENG

Rework the login flow

Issues:

ENG-8  ○ todo    Labeled login fix    just now'
+ grep -F -- ENG-6
+ true
++ LLL_URL=http://127.0.0.1:35353
++ LLL_TEAM=ENG
++ target/.lisette/bin/lll issue list --search 'abeled login'
+ out='ENG-8  ○ todo    Labeled login fix    just now'
+ assert_contains 'ENG-8  ○ todo    Labeled login fix    just now' ENG-8 'search matches title substring'
+ printf %s 'ENG-8  ○ todo    Labeled login fix    just now'
+ grep -F -- ENG-8
+ assert_not_contains 'ENG-8  ○ todo    Labeled login fix    just now' ENG-6 'search hides non-matching titles'
+ printf %s 'ENG-8  ○ todo    Labeled login fix    just now'
+ grep -F -- ENG-6
+ true
++ LLL_URL=http://127.0.0.1:35353
++ LLL_TEAM=ENG
++ target/.lisette/bin/lll issue list --search zz-no-such-title
+ out=
+ assert_not_contains '' ENG- 'non-matching search yields no issues'
+ printf %s ''
+ grep -F -- ENG-
+ true
+ set +e
++ LLL_URL=http://127.0.0.1:35353
++ LLL_TEAM=ENG
++ target/.lisette/bin/lll issue create -t Nope --label nosuch
+ out='Error: no label named '\''nosuch'\'' — see '\''lll label list'\'''
+ rc=1
+ set -e
+ '[' 1 -ne 0 ']'
+ assert_contains 'Error: no label named '\''nosuch'\'' — see '\''lll label list'\''' 'no label named '\''nosuch'\''' 'unknown label message'
+ printf %s 'Error: no label named '\''nosuch'\'' — see '\''lll label list'\'''
+ grep -F -- 'no label named '\''nosuch'\'''
+ assert_contains 'Error: no label named '\''nosuch'\'' — see '\''lll label list'\''' 'lll label list' 'unknown label names the fix'
+ printf %s 'Error: no label named '\''nosuch'\'' — see '\''lll label list'\'''
+ grep -F -- 'lll label list'
+ set +e
++ LLL_URL=http://127.0.0.1:35353
++ LLL_TEAM=ENG
++ target/.lisette/bin/lll issue create -t Nope --project nosuch
+ out='Error: no project named '\''nosuch'\'' — see '\''lll project list'\'''
+ rc=1
+ set -e
+ '[' 1 -ne 0 ']'
+ assert_contains 'Error: no project named '\''nosuch'\'' — see '\''lll project list'\''' 'no project named '\''nosuch'\''' 'unknown project message'
+ printf %s 'Error: no project named '\''nosuch'\'' — see '\''lll project list'\'''
+ grep -F -- 'no project named '\''nosuch'\'''
+ assert_contains 'Error: no project named '\''nosuch'\'' — see '\''lll project list'\''' 'lll project list' 'unknown project names the fix'
+ printf %s 'Error: no project named '\''nosuch'\'' — see '\''lll project list'\'''
+ grep -F -- 'lll project list'
+ set +e
++ LLL_URL=http://127.0.0.1:35353
++ LLL_TEAM=ENG
++ target/.lisette/bin/lll issue list --label nosuch
+ out='Error: no label named '\''nosuch'\'' — see '\''lll label list'\'''
+ rc=1
+ set -e
+ '[' 1 -ne 0 ']'
+ assert_contains 'Error: no label named '\''nosuch'\'' — see '\''lll label list'\''' 'no label named '\''nosuch'\''' 'list unknown label message'
+ printf %s 'Error: no label named '\''nosuch'\'' — see '\''lll label list'\'''
+ grep -F -- 'no label named '\''nosuch'\'''
+ set +e
++ LLL_URL=http://127.0.0.1:35353
++ LLL_TEAM=ENG
++ target/.lisette/bin/lll project view nosuch
+ out='Error: no project named '\''nosuch'\'' — see '\''lll project list'\'''
+ rc=1
+ set -e
+ '[' 1 -ne 0 ']'
+ assert_contains 'Error: no project named '\''nosuch'\'' — see '\''lll project list'\''' 'no project named '\''nosuch'\''' 'project view unknown name message'
+ printf %s 'Error: no project named '\''nosuch'\'' — see '\''lll project list'\'''
+ grep -F -- 'no project named '\''nosuch'\'''
++ LLL_URL=http://127.0.0.1:35353
++ target/.lisette/bin/lll issue view ENG-8 --json
++ jq -r .expand.project.name
+ pname='Auth Revamp'
+ '[' 'Auth Revamp' = 'Auth Revamp' ']'
++ LLL_URL=http://127.0.0.1:35353
++ target/.lisette/bin/lll issue view ENG-8 --json
++ jq -r '.expand.labels[0].name'
+ lname=bug
+ '[' bug = bug ']'
++ LLL_URL=http://127.0.0.1:35353
++ LLL_TEAM=ENG
++ target/.lisette/bin/lll issue list --label bug --json
++ jq -r '.items[0].expand.project.name'
+ pname='Auth Revamp'
+ '[' 'Auth Revamp' = 'Auth Revamp' ']'
++ LLL_URL=http://127.0.0.1:35353
++ LLL_TEAM=ENG
++ target/.lisette/bin/lll issue list --label bug --json
++ jq -r '.items[0].expand.labels[0].name'
+ lname=bug
+ '[' bug = bug ']'
+ WATCH_ALL=/var/folders/dw/_2dd8rzs1_1dvtbbt2tdsxy80000gn/T/tmp.o7F1FlOjs8/watch_all.txt
+ WATCH_TODO=/var/folders/dw/_2dd8rzs1_1dvtbbt2tdsxy80000gn/T/tmp.o7F1FlOjs8/watch_todo.txt
+ WATCH_JSON=/var/folders/dw/_2dd8rzs1_1dvtbbt2tdsxy80000gn/T/tmp.o7F1FlOjs8/watch_json.txt
+ WATCH_ISSUE=/var/folders/dw/_2dd8rzs1_1dvtbbt2tdsxy80000gn/T/tmp.o7F1FlOjs8/watch_issue.txt
+ WATCH_PIDS=' 48397'
+ LLL_URL=http://127.0.0.1:35353
+ LLL_TEAM=ENG
+ target/.lisette/bin/lll watch
+ WATCH_PIDS=' 48397 48398'
+ LLL_URL=http://127.0.0.1:35353
+ LLL_TEAM=ENG
+ target/.lisette/bin/lll watch --state todo
+ WATCH_PIDS=' 48397 48398 48399'
+ sleep 2
+ LLL_URL=http://127.0.0.1:35353
+ LLL_TEAM=ENG
+ target/.lisette/bin/lll watch --json
++ LLL_URL=http://127.0.0.1:35353
++ LLL_TEAM=ENG
++ target/.lisette/bin/lll issue create -t 'Watched todo issue'
+ out='Created ENG-9: Watched todo issue'
++ printf %s 'Created ENG-9: Watched todo issue'
++ sed -n 's/^Created \(ENG-[0-9]*\):.*/\1/p'
+ WKEY=ENG-9
+ '[' -n ENG-9 ']'
+ wait_for_line /var/folders/dw/_2dd8rzs1_1dvtbbt2tdsxy80000gn/T/tmp.o7F1FlOjs8/watch_all.txt 'ENG-9 created: Watched todo issue' 'watch sees matching create'
+ tries=100
++ seq 1 100
+ for _ in $(seq 1 "$tries")
+ grep -qF -- 'ENG-9 created: Watched todo issue' /var/folders/dw/_2dd8rzs1_1dvtbbt2tdsxy80000gn/T/tmp.o7F1FlOjs8/watch_all.txt
+ return 0
+ wait_for_line /var/folders/dw/_2dd8rzs1_1dvtbbt2tdsxy80000gn/T/tmp.o7F1FlOjs8/watch_todo.txt 'ENG-9 created: Watched todo issue' 'watch --state todo sees todo create'
+ tries=100
++ seq 1 100
+ for _ in $(seq 1 "$tries")
+ grep -qF -- 'ENG-9 created: Watched todo issue' /var/folders/dw/_2dd8rzs1_1dvtbbt2tdsxy80000gn/T/tmp.o7F1FlOjs8/watch_todo.txt
+ return 0
+ curl -sf -X POST http://127.0.0.1:35353/api/collections/issues/records -H 'Content-Type: application/json' -d '{"team":"6kgytnhjol48jvk","title":"Backlog noise issue","state":"backlog"}'
++ LLL_URL=http://127.0.0.1:35353
++ LLL_TEAM=OPS
++ target/.lisette/bin/lll issue create -t 'Ops noise issue'
+ out='Created OPS-2: Ops noise issue'
+ assert_contains 'Created OPS-2: Ops noise issue' 'Created OPS-' 'ops noise created'
+ printf %s 'Created OPS-2: Ops noise issue'
+ grep -F -- 'Created OPS-'
+ wait_for_line /var/folders/dw/_2dd8rzs1_1dvtbbt2tdsxy80000gn/T/tmp.o7F1FlOjs8/watch_all.txt 'created: Backlog noise issue' 'unfiltered watch sees backlog create'
+ tries=100
++ seq 1 100
+ for _ in $(seq 1 "$tries")
+ grep -qF -- 'created: Backlog noise issue' /var/folders/dw/_2dd8rzs1_1dvtbbt2tdsxy80000gn/T/tmp.o7F1FlOjs8/watch_all.txt
+ return 0
+ sleep 1
++ cat /var/folders/dw/_2dd8rzs1_1dvtbbt2tdsxy80000gn/T/tmp.o7F1FlOjs8/watch_todo.txt
+ assert_not_contains '02:08:39 ENG-9 created: Watched todo issue' 'Backlog noise issue' 'watch --state todo silent for non-matching state'
+ printf %s '02:08:39 ENG-9 created: Watched todo issue'
+ grep -F -- 'Backlog noise issue'
+ true
++ cat /var/folders/dw/_2dd8rzs1_1dvtbbt2tdsxy80000gn/T/tmp.o7F1FlOjs8/watch_all.txt
+ assert_not_contains '02:08:39 ENG-9 created: Watched todo issue
02:08:39 ENG-10 created: Backlog noise issue' 'Ops noise issue' 'team-scoped watch silent for other teams'
+ printf %s '02:08:39 ENG-9 created: Watched todo issue
02:08:39 ENG-10 created: Backlog noise issue'
+ grep -F -- 'Ops noise issue'
+ true
++ LLL_URL=http://127.0.0.1:35353
++ target/.lisette/bin/lll issue update ENG-9 --state in-progress
+ out='Updated ENG-9'
+ assert_contains 'Updated ENG-9' 'Updated ENG-9' 'watched update output'
+ printf %s 'Updated ENG-9'
+ grep -F -- 'Updated ENG-9'
+ wait_for_line /var/folders/dw/_2dd8rzs1_1dvtbbt2tdsxy80000gn/T/tmp.o7F1FlOjs8/watch_all.txt 'ENG-9 update state: todo -> in-progress' 'watch renders state transition'
+ tries=100
++ seq 1 100
+ for _ in $(seq 1 "$tries")
+ grep -qF -- 'ENG-9 update state: todo -> in-progress' /var/folders/dw/_2dd8rzs1_1dvtbbt2tdsxy80000gn/T/tmp.o7F1FlOjs8/watch_all.txt
+ return 0
+ sleep 1
++ cat /var/folders/dw/_2dd8rzs1_1dvtbbt2tdsxy80000gn/T/tmp.o7F1FlOjs8/watch_todo.txt
+ assert_not_contains '02:08:39 ENG-9 created: Watched todo issue' in-progress 'watch --state todo silent when record leaves filter'
+ printf %s '02:08:39 ENG-9 created: Watched todo issue'
+ grep -F -- in-progress
+ true
+ WATCH_PIDS=' 48397 48398 48399 48513'
+ wait_for_line /var/folders/dw/_2dd8rzs1_1dvtbbt2tdsxy80000gn/T/tmp.o7F1FlOjs8/watch_issue.txt 'Watching ENG-9' 'issue watch header'
+ tries=100
+ LLL_URL=http://127.0.0.1:35353
+ target/.lisette/bin/lll issue watch ENG-9
++ seq 1 100
+ for _ in $(seq 1 "$tries")
+ grep -qF -- 'Watching ENG-9' /var/folders/dw/_2dd8rzs1_1dvtbbt2tdsxy80000gn/T/tmp.o7F1FlOjs8/watch_issue.txt
+ sleep 0.1
+ for _ in $(seq 1 "$tries")
+ grep -qF -- 'Watching ENG-9' /var/folders/dw/_2dd8rzs1_1dvtbbt2tdsxy80000gn/T/tmp.o7F1FlOjs8/watch_issue.txt
+ return 0
++ LLL_URL=http://127.0.0.1:35353
++ target/.lisette/bin/lll issue update ENG-9 --state in-review --assignee bryan
+ out='Updated ENG-9'
+ assert_contains 'Updated ENG-9' 'Updated ENG-9' 'issue watch update output'
+ printf %s 'Updated ENG-9'
+ grep -F -- 'Updated ENG-9'
+ wait_for_line /var/folders/dw/_2dd8rzs1_1dvtbbt2tdsxy80000gn/T/tmp.o7F1FlOjs8/watch_issue.txt 'state: in-progress -> in-review' 'issue watch renders state transition'
+ tries=100
++ seq 1 100
+ for _ in $(seq 1 "$tries")
+ grep -qF -- 'state: in-progress -> in-review' /var/folders/dw/_2dd8rzs1_1dvtbbt2tdsxy80000gn/T/tmp.o7F1FlOjs8/watch_issue.txt
+ return 0
+ wait_for_line /var/folders/dw/_2dd8rzs1_1dvtbbt2tdsxy80000gn/T/tmp.o7F1FlOjs8/watch_issue.txt 'assignee: none -> bryan' 'issue watch renders assignee transition'
+ tries=100
++ seq 1 100
+ for _ in $(seq 1 "$tries")
+ grep -qF -- 'assignee: none -> bryan' /var/folders/dw/_2dd8rzs1_1dvtbbt2tdsxy80000gn/T/tmp.o7F1FlOjs8/watch_issue.txt
+ return 0
+ printf 'url = "%s"\nteam = "ENG"\nme = "bryan"\n' http://127.0.0.1:35353
++ cd /var/folders/dw/_2dd8rzs1_1dvtbbt2tdsxy80000gn/T/tmp.o7F1FlOjs8/work
++ env -u LLL_URL -u LLL_TEAM HOME=/var/folders/dw/_2dd8rzs1_1dvtbbt2tdsxy80000gn/T/tmp.o7F1FlOjs8/home /Users/bcm/dv/lll-wt-179/target/.lisette/bin/lll issue comment ENG-9 -b 'Watching closely'
+ out='Commented on ENG-9'
+ assert_contains 'Commented on ENG-9' 'Commented on ENG-9' 'watched comment output'
+ printf %s 'Commented on ENG-9'
+ grep -F -- 'Commented on ENG-9'
+ wait_for_line /var/folders/dw/_2dd8rzs1_1dvtbbt2tdsxy80000gn/T/tmp.o7F1FlOjs8/watch_issue.txt 'comment by bryan: Watching closely' 'issue watch sees the comment'
+ tries=100
++ seq 1 100
+ for _ in $(seq 1 "$tries")
+ grep -qF -- 'comment by bryan: Watching closely' /var/folders/dw/_2dd8rzs1_1dvtbbt2tdsxy80000gn/T/tmp.o7F1FlOjs8/watch_issue.txt
+ return 0
+ wait_for_line /var/folders/dw/_2dd8rzs1_1dvtbbt2tdsxy80000gn/T/tmp.o7F1FlOjs8/watch_json.txt 'Watched todo issue' 'watch --json captured the create'
+ tries=100
++ seq 1 100
+ for _ in $(seq 1 "$tries")
+ grep -qF -- 'Watched todo issue' /var/folders/dw/_2dd8rzs1_1dvtbbt2tdsxy80000gn/T/tmp.o7F1FlOjs8/watch_json.txt
+ return 0
+ IFS=
+ read -r line
+ printf %s '{"topic":"issues","record":{"assignee":"","collectionId":"pbc_3983409869","collectionName":"issues","created":"2026-08-31 08:08:39.758Z","description":"","emoji":"","expand":{"team":{"accent":"","collectionId":"pbc_1568971955","collectionName":"teams","created":"2026-08-31 08:08:31.820Z","id":"6kgytnhjol48jvk","key":"ENG","name":"Engineering","updated":"2026-08-31 08:08:31.850Z"}},"id":"diaay2h0100lgo4","labels":[],"number":9,"priority":0,"project":"","sort":10,"state":"todo","team":"6kgytnhjol48jvk","title":"Watched todo issue","updated":"2026-08-31 08:08:39.758Z"},"action":"create"}'
+ jq -e '.topic and .action and .record.id'
+ IFS=
+ read -r line
+ printf %s '{"topic":"issues","record":{"assignee":"","collectionId":"pbc_3983409869","collectionName":"issues","created":"2026-08-31 08:08:39.781Z","description":"","emoji":"","expand":{"team":{"accent":"","collectionId":"pbc_1568971955","collectionName":"teams","created":"2026-08-31 08:08:31.820Z","id":"6kgytnhjol48jvk","key":"ENG","name":"Engineering","updated":"2026-08-31 08:08:31.850Z"}},"id":"e2stav0ugjd6cpr","labels":[],"number":10,"priority":0,"project":"","sort":11,"state":"backlog","team":"6kgytnhjol48jvk","title":"Backlog noise issue","updated":"2026-08-31 08:08:39.781Z"},"action":"create"}'
+ jq -e '.topic and .action and .record.id'
+ IFS=
+ read -r line
+ printf %s '{"topic":"issues","record":{"assignee":"","collectionId":"pbc_3983409869","collectionName":"issues","created":"2026-08-31 08:08:39.758Z","description":"","emoji":"","expand":{"team":{"accent":"","collectionId":"pbc_1568971955","collectionName":"teams","created":"2026-08-31 08:08:31.820Z","id":"6kgytnhjol48jvk","key":"ENG","name":"Engineering","updated":"2026-08-31 08:08:31.850Z"}},"id":"diaay2h0100lgo4","labels":[],"number":9,"priority":0,"project":"","sort":10,"state":"in-progress","team":"6kgytnhjol48jvk","title":"Watched todo issue","updated":"2026-08-31 08:08:40.881Z"},"action":"update"}'
+ jq -e '.topic and .action and .record.id'
+ IFS=
+ read -r line
+ printf %s '{"topic":"issues","record":{"assignee":"wb7dpsrxdbyjgmn","collectionId":"pbc_3983409869","collectionName":"issues","created":"2026-08-31 08:08:39.758Z","description":"","emoji":"","expand":{"assignee":{"collectionId":"pbc_3572739349","collectionName":"members","created":"2026-08-31 08:08:34.925Z","email":"bryan@example.com","emailVisibility":true,"id":"wb7dpsrxdbyjgmn","name":"bryan","updated":"2026-08-31 08:08:35.357Z","verified":false},"team":{"accent":"","collectionId":"pbc_1568971955","collectionName":"teams","created":"2026-08-31 08:08:31.820Z","id":"6kgytnhjol48jvk","key":"ENG","name":"Engineering","updated":"2026-08-31 08:08:31.850Z"}},"id":"diaay2h0100lgo4","labels":[],"number":9,"priority":0,"project":"","sort":10,"state":"in-review","team":"6kgytnhjol48jvk","title":"Watched todo issue","updated":"2026-08-31 08:08:42.069Z"},"action":"update"}'
+ jq -e '.topic and .action and .record.id'
+ IFS=
+ read -r line
++ LLL_URL=http://127.0.0.1:35353
++ target/.lisette/bin/lll issue view ENG-9 --json
++ jq -r .id
+ WID=diaay2h0100lgo4
+ '[' -n diaay2h0100lgo4 ']'
+ kill 47112
+ wait 47112
+ start_pb
+ PB_PID=48607
+ wait_ok http://127.0.0.1:35353/api/health 150
+ LLL_URL=http://127.0.0.1:35353
+ LLL_TEAM=ENG
+ USER=e2e
+ HOME=/var/folders/dw/_2dd8rzs1_1dvtbbt2tdsxy80000gn/T/tmp.o7F1FlOjs8/e2e_home
+ target/.lisette/bin/lll up --no-open --pb-dir /var/folders/dw/_2dd8rzs1_1dvtbbt2tdsxy80000gn/T/tmp.o7F1FlOjs8/pb_data --port 52187
++ seq 1 150
+ for _ in $(seq 1 "${2:-100}")
+ curl -sf http://127.0.0.1:35353/api/health
+ sleep 0.1
+ for _ in $(seq 1 "${2:-100}")
+ curl -sf http://127.0.0.1:35353/api/health
+ return 0
++ seq 1 20
+ for i in $(seq 1 20)
+ curl -s -X PATCH http://127.0.0.1:35353/api/collections/issues/records/diaay2h0100lgo4 -H 'Content-Type: application/json' -d '{"title":"Back after restart 1"}'
+ sleep 1
+ grep -qF -- 'Back after restart' /var/folders/dw/_2dd8rzs1_1dvtbbt2tdsxy80000gn/T/tmp.o7F1FlOjs8/watch_all.txt
+ for i in $(seq 1 20)
+ curl -s -X PATCH http://127.0.0.1:35353/api/collections/issues/records/diaay2h0100lgo4 -H 'Content-Type: application/json' -d '{"title":"Back after restart 2"}'
+ sleep 1
+ grep -qF -- 'Back after restart' /var/folders/dw/_2dd8rzs1_1dvtbbt2tdsxy80000gn/T/tmp.o7F1FlOjs8/watch_all.txt
+ break
+ wait_for_line /var/folders/dw/_2dd8rzs1_1dvtbbt2tdsxy80000gn/T/tmp.o7F1FlOjs8/watch_all.txt 'Back after restart' 'watch survives a PB restart' 10
+ tries=10
++ seq 1 10
+ for _ in $(seq 1 "$tries")
+ grep -qF -- 'Back after restart' /var/folders/dw/_2dd8rzs1_1dvtbbt2tdsxy80000gn/T/tmp.o7F1FlOjs8/watch_all.txt
+ return 0
+ wait_for_line /var/folders/dw/_2dd8rzs1_1dvtbbt2tdsxy80000gn/T/tmp.o7F1FlOjs8/watch_issue.txt 'Back after restart' 'issue watch survives a PB restart' 100
+ tries=100
++ seq 1 100
+ for _ in $(seq 1 "$tries")
+ grep -qF -- 'Back after restart' /var/folders/dw/_2dd8rzs1_1dvtbbt2tdsxy80000gn/T/tmp.o7F1FlOjs8/watch_issue.txt
+ return 0
++ LLL_URL=http://127.0.0.1:35353
++ target/.lisette/bin/lll issue delete ENG-9 --force
+ out='Deleted ENG-9'
+ assert_contains 'Deleted ENG-9' 'Deleted ENG-9' 'watched delete output'
+ printf %s 'Deleted ENG-9'
+ grep -F -- 'Deleted ENG-9'
+ wait_for_line /var/folders/dw/_2dd8rzs1_1dvtbbt2tdsxy80000gn/T/tmp.o7F1FlOjs8/watch_all.txt 'ENG-9 deleted' 'watch sees the delete'
+ tries=100
++ seq 1 100
+ for _ in $(seq 1 "$tries")
+ grep -qF -- 'ENG-9 deleted' /var/folders/dw/_2dd8rzs1_1dvtbbt2tdsxy80000gn/T/tmp.o7F1FlOjs8/watch_all.txt
+ return 0
+ wait_for_line /var/folders/dw/_2dd8rzs1_1dvtbbt2tdsxy80000gn/T/tmp.o7F1FlOjs8/watch_issue.txt 'ENG-9 deleted' 'issue watch sees the delete'
+ tries=100
++ seq 1 100
+ for _ in $(seq 1 "$tries")
+ grep -qF -- 'ENG-9 deleted' /var/folders/dw/_2dd8rzs1_1dvtbbt2tdsxy80000gn/T/tmp.o7F1FlOjs8/watch_issue.txt
+ return 0
+ kill 48397 48398 48399 48513
+ WATCH_PIDS=
+ target/.lisette/bin/lll completions bash
+ bash -n /var/folders/dw/_2dd8rzs1_1dvtbbt2tdsxy80000gn/T/tmp.o7F1FlOjs8/comp.bash
++ cat /var/folders/dw/_2dd8rzs1_1dvtbbt2tdsxy80000gn/T/tmp.o7F1FlOjs8/comp.bash
+ out='# lll bash completions
# Add to ~/.bashrc:  eval "$(lll completions bash)"
_lll() {
  local cur=${COMP_WORDS[COMP_CWORD]}
  local noun=${COMP_WORDS[1]-}
  local verb=${COMP_WORDS[2]-}
  local words=
  if [ $COMP_CWORD -eq 1 ]; then
    words='\''issue team member project label doc finding config attach watch up board completions help --version'\''
  elif [ $COMP_CWORD -eq 2 ]; then
    case $noun in
      issue) words='\''create list view update close start claim release delete comment watch url id title pr link unlink'\'' ;;
      team) words='\''list create view'\'' ;;
      member) words='\''list add'\'' ;;
      project) words='\''list view create'\'' ;;
      label) words='\''list create'\'' ;;
      doc) words='\''new list view edit delete'\'' ;;
      finding) words='\''near list'\'' ;;
      config) words='\''init set --list'\'' ;;
      attach) words='\''-k'\'' ;;
      watch) words='\''--state --assignee --label --project --search --json'\'' ;;
      up) words='\''--port --pb-dir --no-open'\'' ;;
      board) words='\''-w'\'' ;;
      completions) words='\''bash zsh fish'\'' ;;
    esac
  else
    case $noun,$verb in
      issue,create) words='\''-t -d --description --emoji --priority --assignee --label --project --json'\'' ;;
      issue,list) words='\''--state --assignee --label --project --search --sort --limit --json'\'' ;;
      issue,view) words='\''--json --raw -w'\'' ;;
      issue,update) words='\''--state --priority --assignee --label --project --title --description --emoji'\'' ;;
      issue,delete) words='\''--force'\'' ;;
      issue,comment) words='\''-b'\'' ;;
      issue,watch) words='\''--json'\'' ;;
      team,create) words='\''-k -n'\'' ;;
      member,add) words='\''-n -e'\'' ;;
      project,create) words='\''-n -d --status --team'\'' ;;
      label,create) words='\''-n -c --team'\'' ;;
      doc,new) words='\''-s --slug -t --title -k --kind -b --body -a --area -p --paths'\'' ;;
      doc,view) words='\''--raw --json'\'' ;;
      doc,edit) words='\''-b --body -t --title -k --kind -a --area -p --paths'\'' ;;
      doc,delete) words='\''--force'\'' ;;
      finding,list) words='\''-a --area'\'' ;;
      attach,*) words='\''-k'\'' ;;
      watch,*) words='\''--state --assignee --label --project --search --json'\'' ;;
      up,*) words='\''--port --pb-dir --no-open'\'' ;;
      board,*) words='\''-w'\'' ;;
    esac
  fi
  COMPREPLY=($(compgen -W "$words" -- "$cur"))
}
complete -F _lll lll'
+ assert_contains '# lll bash completions
# Add to ~/.bashrc:  eval "$(lll completions bash)"
_lll() {
  local cur=${COMP_WORDS[COMP_CWORD]}
  local noun=${COMP_WORDS[1]-}
  local verb=${COMP_WORDS[2]-}
  local words=
  if [ $COMP_CWORD -eq 1 ]; then
    words='\''issue team member project label doc finding config attach watch up board completions help --version'\''
  elif [ $COMP_CWORD -eq 2 ]; then
    case $noun in
      issue) words='\''create list view update close start claim release delete comment watch url id title pr link unlink'\'' ;;
      team) words='\''list create view'\'' ;;
      member) words='\''list add'\'' ;;
      project) words='\''list view create'\'' ;;
      label) words='\''list create'\'' ;;
      doc) words='\''new list view edit delete'\'' ;;
      finding) words='\''near list'\'' ;;
      config) words='\''init set --list'\'' ;;
      attach) words='\''-k'\'' ;;
      watch) words='\''--state --assignee --label --project --search --json'\'' ;;
      up) words='\''--port --pb-dir --no-open'\'' ;;
      board) words='\''-w'\'' ;;
      completions) words='\''bash zsh fish'\'' ;;
    esac
  else
    case $noun,$verb in
      issue,create) words='\''-t -d --description --emoji --priority --assignee --label --project --json'\'' ;;
      issue,list) words='\''--state --assignee --label --project --search --sort --limit --json'\'' ;;
      issue,view) words='\''--json --raw -w'\'' ;;
      issue,update) words='\''--state --priority --assignee --label --project --title --description --emoji'\'' ;;
      issue,delete) words='\''--force'\'' ;;
      issue,comment) words='\''-b'\'' ;;
      issue,watch) words='\''--json'\'' ;;
      team,create) words='\''-k -n'\'' ;;
      member,add) words='\''-n -e'\'' ;;
      project,create) words='\''-n -d --status --team'\'' ;;
      label,create) words='\''-n -c --team'\'' ;;
      doc,new) words='\''-s --slug -t --title -k --kind -b --body -a --area -p --paths'\'' ;;
      doc,view) words='\''--raw --json'\'' ;;
      doc,edit) words='\''-b --body -t --title -k --kind -a --area -p --paths'\'' ;;
      doc,delete) words='\''--force'\'' ;;
      finding,list) words='\''-a --area'\'' ;;
      attach,*) words='\''-k'\'' ;;
      watch,*) words='\''--state --assignee --label --project --search --json'\'' ;;
      up,*) words='\''--port --pb-dir --no-open'\'' ;;
      board,*) words='\''-w'\'' ;;
    esac
  fi
  COMPREPLY=($(compgen -W "$words" -- "$cur"))
}
complete -F _lll lll' 'create list view update close start claim release delete comment watch url id title pr link unlink' 'bash completions list issue verbs'
+ printf %s '# lll bash completions
# Add to ~/.bashrc:  eval "$(lll completions bash)"
_lll() {
  local cur=${COMP_WORDS[COMP_CWORD]}
  local noun=${COMP_WORDS[1]-}
  local verb=${COMP_WORDS[2]-}
  local words=
  if [ $COMP_CWORD -eq 1 ]; then
    words='\''issue team member project label doc finding config attach watch up board completions help --version'\''
  elif [ $COMP_CWORD -eq 2 ]; then
    case $noun in
      issue) words='\''create list view update close start claim release delete comment watch url id title pr link unlink'\'' ;;
      team) words='\''list create view'\'' ;;
      member) words='\''list add'\'' ;;
      project) words='\''list view create'\'' ;;
      label) words='\''list create'\'' ;;
      doc) words='\''new list view edit delete'\'' ;;
      finding) words='\''near list'\'' ;;
      config) words='\''init set --list'\'' ;;
      attach) words='\''-k'\'' ;;
      watch) words='\''--state --assignee --label --project --search --json'\'' ;;
      up) words='\''--port --pb-dir --no-open'\'' ;;
      board) words='\''-w'\'' ;;
      completions) words='\''bash zsh fish'\'' ;;
    esac
  else
    case $noun,$verb in
      issue,create) words='\''-t -d --description --emoji --priority --assignee --label --project --json'\'' ;;
      issue,list) words='\''--state --assignee --label --project --search --sort --limit --json'\'' ;;
      issue,view) words='\''--json --raw -w'\'' ;;
      issue,update) words='\''--state --priority --assignee --label --project --title --description --emoji'\'' ;;
      issue,delete) words='\''--force'\'' ;;
      issue,comment) words='\''-b'\'' ;;
      issue,watch) words='\''--json'\'' ;;
      team,create) words='\''-k -n'\'' ;;
      member,add) words='\''-n -e'\'' ;;
      project,create) words='\''-n -d --status --team'\'' ;;
      label,create) words='\''-n -c --team'\'' ;;
      doc,new) words='\''-s --slug -t --title -k --kind -b --body -a --area -p --paths'\'' ;;
      doc,view) words='\''--raw --json'\'' ;;
      doc,edit) words='\''-b --body -t --title -k --kind -a --area -p --paths'\'' ;;
      doc,delete) words='\''--force'\'' ;;
      finding,list) words='\''-a --area'\'' ;;
      attach,*) words='\''-k'\'' ;;
      watch,*) words='\''--state --assignee --label --project --search --json'\'' ;;
      up,*) words='\''--port --pb-dir --no-open'\'' ;;
      board,*) words='\''-w'\'' ;;
    esac
  fi
  COMPREPLY=($(compgen -W "$words" -- "$cur"))
}
complete -F _lll lll'
+ grep -F -- 'create list view update close start claim release delete comment watch url id title pr link unlink'
+ assert_contains '# lll bash completions
# Add to ~/.bashrc:  eval "$(lll completions bash)"
_lll() {
  local cur=${COMP_WORDS[COMP_CWORD]}
  local noun=${COMP_WORDS[1]-}
  local verb=${COMP_WORDS[2]-}
  local words=
  if [ $COMP_CWORD -eq 1 ]; then
    words='\''issue team member project label doc finding config attach watch up board completions help --version'\''
  elif [ $COMP_CWORD -eq 2 ]; then
    case $noun in
      issue) words='\''create list view update close start claim release delete comment watch url id title pr link unlink'\'' ;;
      team) words='\''list create view'\'' ;;
      member) words='\''list add'\'' ;;
      project) words='\''list view create'\'' ;;
      label) words='\''list create'\'' ;;
      doc) words='\''new list view edit delete'\'' ;;
      finding) words='\''near list'\'' ;;
      config) words='\''init set --list'\'' ;;
      attach) words='\''-k'\'' ;;
      watch) words='\''--state --assignee --label --project --search --json'\'' ;;
      up) words='\''--port --pb-dir --no-open'\'' ;;
      board) words='\''-w'\'' ;;
      completions) words='\''bash zsh fish'\'' ;;
    esac
  else
    case $noun,$verb in
      issue,create) words='\''-t -d --description --emoji --priority --assignee --label --project --json'\'' ;;
      issue,list) words='\''--state --assignee --label --project --search --sort --limit --json'\'' ;;
      issue,view) words='\''--json --raw -w'\'' ;;
      issue,update) words='\''--state --priority --assignee --label --project --title --description --emoji'\'' ;;
      issue,delete) words='\''--force'\'' ;;
      issue,comment) words='\''-b'\'' ;;
      issue,watch) words='\''--json'\'' ;;
      team,create) words='\''-k -n'\'' ;;
      member,add) words='\''-n -e'\'' ;;
      project,create) words='\''-n -d --status --team'\'' ;;
      label,create) words='\''-n -c --team'\'' ;;
      doc,new) words='\''-s --slug -t --title -k --kind -b --body -a --area -p --paths'\'' ;;
      doc,view) words='\''--raw --json'\'' ;;
      doc,edit) words='\''-b --body -t --title -k --kind -a --area -p --paths'\'' ;;
      doc,delete) words='\''--force'\'' ;;
      finding,list) words='\''-a --area'\'' ;;
      attach,*) words='\''-k'\'' ;;
      watch,*) words='\''--state --assignee --label --project --search --json'\'' ;;
      up,*) words='\''--port --pb-dir --no-open'\'' ;;
      board,*) words='\''-w'\'' ;;
    esac
  fi
  COMPREPLY=($(compgen -W "$words" -- "$cur"))
}
complete -F _lll lll' --limit 'bash completions know --limit'
+ printf %s '# lll bash completions
# Add to ~/.bashrc:  eval "$(lll completions bash)"
_lll() {
  local cur=${COMP_WORDS[COMP_CWORD]}
  local noun=${COMP_WORDS[1]-}
  local verb=${COMP_WORDS[2]-}
  local words=
  if [ $COMP_CWORD -eq 1 ]; then
    words='\''issue team member project label doc finding config attach watch up board completions help --version'\''
  elif [ $COMP_CWORD -eq 2 ]; then
    case $noun in
      issue) words='\''create list view update close start claim release delete comment watch url id title pr link unlink'\'' ;;
      team) words='\''list create view'\'' ;;
      member) words='\''list add'\'' ;;
      project) words='\''list view create'\'' ;;
      label) words='\''list create'\'' ;;
      doc) words='\''new list view edit delete'\'' ;;
      finding) words='\''near list'\'' ;;
      config) words='\''init set --list'\'' ;;
      attach) words='\''-k'\'' ;;
      watch) words='\''--state --assignee --label --project --search --json'\'' ;;
      up) words='\''--port --pb-dir --no-open'\'' ;;
      board) words='\''-w'\'' ;;
      completions) words='\''bash zsh fish'\'' ;;
    esac
  else
    case $noun,$verb in
      issue,create) words='\''-t -d --description --emoji --priority --assignee --label --project --json'\'' ;;
      issue,list) words='\''--state --assignee --label --project --search --sort --limit --json'\'' ;;
      issue,view) words='\''--json --raw -w'\'' ;;
      issue,update) words='\''--state --priority --assignee --label --project --title --description --emoji'\'' ;;
      issue,delete) words='\''--force'\'' ;;
      issue,comment) words='\''-b'\'' ;;
      issue,watch) words='\''--json'\'' ;;
      team,create) words='\''-k -n'\'' ;;
      member,add) words='\''-n -e'\'' ;;
      project,create) words='\''-n -d --status --team'\'' ;;
      label,create) words='\''-n -c --team'\'' ;;
      doc,new) words='\''-s --slug -t --title -k --kind -b --body -a --area -p --paths'\'' ;;
      doc,view) words='\''--raw --json'\'' ;;
      doc,edit) words='\''-b --body -t --title -k --kind -a --area -p --paths'\'' ;;
      doc,delete) words='\''--force'\'' ;;
      finding,list) words='\''-a --area'\'' ;;
      attach,*) words='\''-k'\'' ;;
      watch,*) words='\''--state --assignee --label --project --search --json'\'' ;;
      up,*) words='\''--port --pb-dir --no-open'\'' ;;
      board,*) words='\''-w'\'' ;;
    esac
  fi
  COMPREPLY=($(compgen -W "$words" -- "$cur"))
}
complete -F _lll lll'
+ grep -F -- --limit
+ assert_contains '# lll bash completions
# Add to ~/.bashrc:  eval "$(lll completions bash)"
_lll() {
  local cur=${COMP_WORDS[COMP_CWORD]}
  local noun=${COMP_WORDS[1]-}
  local verb=${COMP_WORDS[2]-}
  local words=
  if [ $COMP_CWORD -eq 1 ]; then
    words='\''issue team member project label doc finding config attach watch up board completions help --version'\''
  elif [ $COMP_CWORD -eq 2 ]; then
    case $noun in
      issue) words='\''create list view update close start claim release delete comment watch url id title pr link unlink'\'' ;;
      team) words='\''list create view'\'' ;;
      member) words='\''list add'\'' ;;
      project) words='\''list view create'\'' ;;
      label) words='\''list create'\'' ;;
      doc) words='\''new list view edit delete'\'' ;;
      finding) words='\''near list'\'' ;;
      config) words='\''init set --list'\'' ;;
      attach) words='\''-k'\'' ;;
      watch) words='\''--state --assignee --label --project --search --json'\'' ;;
      up) words='\''--port --pb-dir --no-open'\'' ;;
      board) words='\''-w'\'' ;;
      completions) words='\''bash zsh fish'\'' ;;
    esac
  else
    case $noun,$verb in
      issue,create) words='\''-t -d --description --emoji --priority --assignee --label --project --json'\'' ;;
      issue,list) words='\''--state --assignee --label --project --search --sort --limit --json'\'' ;;
      issue,view) words='\''--json --raw -w'\'' ;;
      issue,update) words='\''--state --priority --assignee --label --project --title --description --emoji'\'' ;;
      issue,delete) words='\''--force'\'' ;;
      issue,comment) words='\''-b'\'' ;;
      issue,watch) words='\''--json'\'' ;;
      team,create) words='\''-k -n'\'' ;;
      member,add) words='\''-n -e'\'' ;;
      project,create) words='\''-n -d --status --team'\'' ;;
      label,create) words='\''-n -c --team'\'' ;;
      doc,new) words='\''-s --slug -t --title -k --kind -b --body -a --area -p --paths'\'' ;;
      doc,view) words='\''--raw --json'\'' ;;
      doc,edit) words='\''-b --body -t --title -k --kind -a --area -p --paths'\'' ;;
      doc,delete) words='\''--force'\'' ;;
      finding,list) words='\''-a --area'\'' ;;
      attach,*) words='\''-k'\'' ;;
      watch,*) words='\''--state --assignee --label --project --search --json'\'' ;;
      up,*) words='\''--port --pb-dir --no-open'\'' ;;
      board,*) words='\''-w'\'' ;;
    esac
  fi
  COMPREPLY=($(compgen -W "$words" -- "$cur"))
}
complete -F _lll lll' 'complete -F _lll lll' 'bash completions register'
+ printf %s '# lll bash completions
# Add to ~/.bashrc:  eval "$(lll completions bash)"
_lll() {
  local cur=${COMP_WORDS[COMP_CWORD]}
  local noun=${COMP_WORDS[1]-}
  local verb=${COMP_WORDS[2]-}
  local words=
  if [ $COMP_CWORD -eq 1 ]; then
    words='\''issue team member project label doc finding config attach watch up board completions help --version'\''
  elif [ $COMP_CWORD -eq 2 ]; then
    case $noun in
      issue) words='\''create list view update close start claim release delete comment watch url id title pr link unlink'\'' ;;
      team) words='\''list create view'\'' ;;
      member) words='\''list add'\'' ;;
      project) words='\''list view create'\'' ;;
      label) words='\''list create'\'' ;;
      doc) words='\''new list view edit delete'\'' ;;
      finding) words='\''near list'\'' ;;
      config) words='\''init set --list'\'' ;;
      attach) words='\''-k'\'' ;;
      watch) words='\''--state --assignee --label --project --search --json'\'' ;;
      up) words='\''--port --pb-dir --no-open'\'' ;;
      board) words='\''-w'\'' ;;
      completions) words='\''bash zsh fish'\'' ;;
    esac
  else
    case $noun,$verb in
      issue,create) words='\''-t -d --description --emoji --priority --assignee --label --project --json'\'' ;;
      issue,list) words='\''--state --assignee --label --project --search --sort --limit --json'\'' ;;
      issue,view) words='\''--json --raw -w'\'' ;;
      issue,update) words='\''--state --priority --assignee --label --project --title --description --emoji'\'' ;;
      issue,delete) words='\''--force'\'' ;;
      issue,comment) words='\''-b'\'' ;;
      issue,watch) words='\''--json'\'' ;;
      team,create) words='\''-k -n'\'' ;;
      member,add) words='\''-n -e'\'' ;;
      project,create) words='\''-n -d --status --team'\'' ;;
      label,create) words='\''-n -c --team'\'' ;;
      doc,new) words='\''-s --slug -t --title -k --kind -b --body -a --area -p --paths'\'' ;;
      doc,view) words='\''--raw --json'\'' ;;
      doc,edit) words='\''-b --body -t --title -k --kind -a --area -p --paths'\'' ;;
      doc,delete) words='\''--force'\'' ;;
      finding,list) words='\''-a --area'\'' ;;
      attach,*) words='\''-k'\'' ;;
      watch,*) words='\''--state --assignee --label --project --search --json'\'' ;;
      up,*) words='\''--port --pb-dir --no-open'\'' ;;
      board,*) words='\''-w'\'' ;;
    esac
  fi
  COMPREPLY=($(compgen -W "$words" -- "$cur"))
}
complete -F _lll lll'
+ grep -F -- 'complete -F _lll lll'
+ target/.lisette/bin/lll completions zsh
+ command -v zsh
+ zsh -n /var/folders/dw/_2dd8rzs1_1dvtbbt2tdsxy80000gn/T/tmp.o7F1FlOjs8/comp.zsh
++ cat /var/folders/dw/_2dd8rzs1_1dvtbbt2tdsxy80000gn/T/tmp.o7F1FlOjs8/comp.zsh
+ assert_contains '# lll zsh completions
# Add to ~/.zshrc (after compinit):  eval "$(lll completions zsh)"
_lll() {
  local -a comps
  local noun=${words[2]-}
  local verb=${words[3]-}
  if (( CURRENT == 2 )); then
    comps=(issue team member project label doc finding config attach watch up board completions help --version)
  elif (( CURRENT == 3 )); then
    case $noun in
      issue) comps=(create list view update close start claim release delete comment watch url id title pr link unlink) ;;
      team) comps=(list create view) ;;
      member) comps=(list add) ;;
      project) comps=(list view create) ;;
      label) comps=(list create) ;;
      doc) comps=(new list view edit delete) ;;
      finding) comps=(near list) ;;
      config) comps=(init set --list) ;;
      attach) comps=(-k) ;;
      watch) comps=(--state --assignee --label --project --search --json) ;;
      up) comps=(--port --pb-dir --no-open) ;;
      board) comps=(-w) ;;
      completions) comps=(bash zsh fish) ;;
    esac
  else
    case $noun,$verb in
      issue,create) comps=(-t -d --description --emoji --priority --assignee --label --project --json) ;;
      issue,list) comps=(--state --assignee --label --project --search --sort --limit --json) ;;
      issue,view) comps=(--json --raw -w) ;;
      issue,update) comps=(--state --priority --assignee --label --project --title --description --emoji) ;;
      issue,delete) comps=(--force) ;;
      issue,comment) comps=(-b) ;;
      issue,watch) comps=(--json) ;;
      team,create) comps=(-k -n) ;;
      member,add) comps=(-n -e) ;;
      project,create) comps=(-n -d --status --team) ;;
      label,create) comps=(-n -c --team) ;;
      doc,new) comps=(-s --slug -t --title -k --kind -b --body -a --area -p --paths) ;;
      doc,view) comps=(--raw --json) ;;
      doc,edit) comps=(-b --body -t --title -k --kind -a --area -p --paths) ;;
      doc,delete) comps=(--force) ;;
      finding,list) comps=(-a --area) ;;
      attach,*) comps=(-k) ;;
      watch,*) comps=(--state --assignee --label --project --search --json) ;;
      up,*) comps=(--port --pb-dir --no-open) ;;
      board,*) comps=(-w) ;;
    esac
  fi
  compadd -- $comps
}
compdef _lll lll' 'compdef _lll lll' 'zsh completions register'
+ printf %s '# lll zsh completions
# Add to ~/.zshrc (after compinit):  eval "$(lll completions zsh)"
_lll() {
  local -a comps
  local noun=${words[2]-}
  local verb=${words[3]-}
  if (( CURRENT == 2 )); then
    comps=(issue team member project label doc finding config attach watch up board completions help --version)
  elif (( CURRENT == 3 )); then
    case $noun in
      issue) comps=(create list view update close start claim release delete comment watch url id title pr link unlink) ;;
      team) comps=(list create view) ;;
      member) comps=(list add) ;;
      project) comps=(list view create) ;;
      label) comps=(list create) ;;
      doc) comps=(new list view edit delete) ;;
      finding) comps=(near list) ;;
      config) comps=(init set --list) ;;
      attach) comps=(-k) ;;
      watch) comps=(--state --assignee --label --project --search --json) ;;
      up) comps=(--port --pb-dir --no-open) ;;
      board) comps=(-w) ;;
      completions) comps=(bash zsh fish) ;;
    esac
  else
    case $noun,$verb in
      issue,create) comps=(-t -d --description --emoji --priority --assignee --label --project --json) ;;
      issue,list) comps=(--state --assignee --label --project --search --sort --limit --json) ;;
      issue,view) comps=(--json --raw -w) ;;
      issue,update) comps=(--state --priority --assignee --label --project --title --description --emoji) ;;
      issue,delete) comps=(--force) ;;
      issue,comment) comps=(-b) ;;
      issue,watch) comps=(--json) ;;
      team,create) comps=(-k -n) ;;
      member,add) comps=(-n -e) ;;
      project,create) comps=(-n -d --status --team) ;;
      label,create) comps=(-n -c --team) ;;
      doc,new) comps=(-s --slug -t --title -k --kind -b --body -a --area -p --paths) ;;
+ grep -F -- 'compdef _lll lll'
      doc,view) comps=(--raw --json) ;;
      doc,edit) comps=(-b --body -t --title -k --kind -a --area -p --paths) ;;
      doc,delete) comps=(--force) ;;
      finding,list) comps=(-a --area) ;;
      attach,*) comps=(-k) ;;
      watch,*) comps=(--state --assignee --label --project --search --json) ;;
      up,*) comps=(--port --pb-dir --no-open) ;;
      board,*) comps=(-w) ;;
    esac
  fi
  compadd -- $comps
}
compdef _lll lll'
+ target/.lisette/bin/lll completions fish
+ command -v fish
+ fish -n /var/folders/dw/_2dd8rzs1_1dvtbbt2tdsxy80000gn/T/tmp.o7F1FlOjs8/comp.fish
++ cat /var/folders/dw/_2dd8rzs1_1dvtbbt2tdsxy80000gn/T/tmp.o7F1FlOjs8/comp.fish
+ assert_contains '# lll fish completions
# Add to ~/.config/fish/config.fish:  lll completions fish | source
complete -c lll -f
complete -c lll -n '\''__fish_use_subcommand'\'' -a '\''issue team member project label doc finding config attach watch up board completions help --version'\''
complete -c lll -n '\''__fish_seen_subcommand_from issue; and not __fish_seen_subcommand_from create list view update close start claim release delete comment watch url id title pr link unlink'\'' -a '\''create list view update close start claim release delete comment watch url id title pr link unlink'\''
complete -c lll -n '\''__fish_seen_subcommand_from issue; and __fish_seen_subcommand_from create'\'' -s t
complete -c lll -n '\''__fish_seen_subcommand_from issue; and __fish_seen_subcommand_from create'\'' -s d
complete -c lll -n '\''__fish_seen_subcommand_from issue; and __fish_seen_subcommand_from create'\'' -l description
complete -c lll -n '\''__fish_seen_subcommand_from issue; and __fish_seen_subcommand_from create'\'' -l emoji
complete -c lll -n '\''__fish_seen_subcommand_from issue; and __fish_seen_subcommand_from create'\'' -l priority
complete -c lll -n '\''__fish_seen_subcommand_from issue; and __fish_seen_subcommand_from create'\'' -l assignee
complete -c lll -n '\''__fish_seen_subcommand_from issue; and __fish_seen_subcommand_from create'\'' -l label
complete -c lll -n '\''__fish_seen_subcommand_from issue; and __fish_seen_subcommand_from create'\'' -l project
complete -c lll -n '\''__fish_seen_subcommand_from issue; and __fish_seen_subcommand_from create'\'' -l json
complete -c lll -n '\''__fish_seen_subcommand_from issue; and __fish_seen_subcommand_from list'\'' -l state
complete -c lll -n '\''__fish_seen_subcommand_from issue; and __fish_seen_subcommand_from list'\'' -l assignee
complete -c lll -n '\''__fish_seen_subcommand_from issue; and __fish_seen_subcommand_from list'\'' -l label
complete -c lll -n '\''__fish_seen_subcommand_from issue; and __fish_seen_subcommand_from list'\'' -l project
complete -c lll -n '\''__fish_seen_subcommand_from issue; and __fish_seen_subcommand_from list'\'' -l search
complete -c lll -n '\''__fish_seen_subcommand_from issue; and __fish_seen_subcommand_from list'\'' -l sort
complete -c lll -n '\''__fish_seen_subcommand_from issue; and __fish_seen_subcommand_from list'\'' -l limit
complete -c lll -n '\''__fish_seen_subcommand_from issue; and __fish_seen_subcommand_from list'\'' -l json
complete -c lll -n '\''__fish_seen_subcommand_from issue; and __fish_seen_subcommand_from view'\'' -l json
complete -c lll -n '\''__fish_seen_subcommand_from issue; and __fish_seen_subcommand_from view'\'' -l raw
complete -c lll -n '\''__fish_seen_subcommand_from issue; and __fish_seen_subcommand_from view'\'' -s w
complete -c lll -n '\''__fish_seen_subcommand_from issue; and __fish_seen_subcommand_from update'\'' -l state
complete -c lll -n '\''__fish_seen_subcommand_from issue; and __fish_seen_subcommand_from update'\'' -l priority
complete -c lll -n '\''__fish_seen_subcommand_from issue; and __fish_seen_subcommand_from update'\'' -l assignee
complete -c lll -n '\''__fish_seen_subcommand_from issue; and __fish_seen_subcommand_from update'\'' -l label
complete -c lll -n '\''__fish_seen_subcommand_from issue; and __fish_seen_subcommand_from update'\'' -l project
complete -c lll -n '\''__fish_seen_subcommand_from issue; and __fish_seen_subcommand_from update'\'' -l title
complete -c lll -n '\''__fish_seen_subcommand_from issue; and __fish_seen_subcommand_from update'\'' -l description
complete -c lll -n '\''__fish_seen_subcommand_from issue; and __fish_seen_subcommand_from update'\'' -l emoji
complete -c lll -n '\''__fish_seen_subcommand_from issue; and __fish_seen_subcommand_from delete'\'' -l force
complete -c lll -n '\''__fish_seen_subcommand_from issue; and __fish_seen_subcommand_from comment'\'' -s b
complete -c lll -n '\''__fish_seen_subcommand_from issue; and __fish_seen_subcommand_from watch'\'' -l json
complete -c lll -n '\''__fish_seen_subcommand_from team; and not __fish_seen_subcommand_from list create view'\'' -a '\''list create view'\''
complete -c lll -n '\''__fish_seen_subcommand_from team; and __fish_seen_subcommand_from create'\'' -s k
complete -c lll -n '\''__fish_seen_subcommand_from team; and __fish_seen_subcommand_from create'\'' -s n
complete -c lll -n '\''__fish_seen_subcommand_from member; and not __fish_seen_subcommand_from list add'\'' -a '\''list add'\''
complete -c lll -n '\''__fish_seen_subcommand_from member; and __fish_seen_subcommand_from add'\'' -s n
complete -c lll -n '\''__fish_seen_subcommand_from member; and __fish_seen_subcommand_from add'\'' -s e
complete -c lll -n '\''__fish_seen_subcommand_from project; and not __fish_seen_subcommand_from list view create'\'' -a '\''list view create'\''
complete -c lll -n '\''__fish_seen_subcommand_from project; and __fish_seen_subcommand_from create'\'' -s n
complete -c lll -n '\''__fish_seen_subcommand_from project; and __fish_seen_subcommand_from create'\'' -s d
complete -c lll -n '\''__fish_seen_subcommand_from project; and __fish_seen_subcommand_from create'\'' -l status
complete -c lll -n '\''__fish_seen_subcommand_from project; and __fish_seen_subcommand_from create'\'' -l team
complete -c lll -n '\''__fish_seen_subcommand_from label; and not __fish_seen_subcommand_from list create'\'' -a '\''list create'\''
complete -c lll -n '\''__fish_seen_subcommand_from label; and __fish_seen_subcommand_from create'\'' -s n
complete -c lll -n '\''__fish_seen_subcommand_from label; and __fish_seen_subcommand_from create'\'' -s c
complete -c lll -n '\''__fish_seen_subcommand_from label; and __fish_seen_subcommand_from create'\'' -l team
complete -c lll -n '\''__fish_seen_subcommand_from doc; and not __fish_seen_subcommand_from new list view edit delete'\'' -a '\''new list view edit delete'\''
complete -c lll -n '\''__fish_seen_subcommand_from doc; and __fish_seen_subcommand_from new'\'' -s s
complete -c lll -n '\''__fish_seen_subcommand_from doc; and __fish_seen_subcommand_from new'\'' -l slug
complete -c lll -n '\''__fish_seen_subcommand_from doc; and __fish_seen_subcommand_from new'\'' -s t
complete -c lll -n '\''__fish_seen_subcommand_from doc; and __fish_seen_subcommand_from new'\'' -l title
complete -c lll -n '\''__fish_seen_subcommand_from doc; and __fish_seen_subcommand_from new'\'' -s k
complete -c lll -n '\''__fish_seen_subcommand_from doc; and __fish_seen_subcommand_from new'\'' -l kind
complete -c lll -n '\''__fish_seen_subcommand_from doc; and __fish_seen_subcommand_from new'\'' -s b
complete -c lll -n '\''__fish_seen_subcommand_from doc; and __fish_seen_subcommand_from new'\'' -l body
complete -c lll -n '\''__fish_seen_subcommand_from doc; and __fish_seen_subcommand_from new'\'' -s a
complete -c lll -n '\''__fish_seen_subcommand_from doc; and __fish_seen_subcommand_from new'\'' -l area
complete -c lll -n '\''__fish_seen_subcommand_from doc; and __fish_seen_subcommand_from new'\'' -s p
complete -c lll -n '\''__fish_seen_subcommand_from doc; and __fish_seen_subcommand_from new'\'' -l paths
complete -c lll -n '\''__fish_seen_subcommand_from doc; and __fish_seen_subcommand_from view'\'' -l raw
complete -c lll -n '\''__fish_seen_subcommand_from doc; and __fish_seen_subcommand_from view'\'' -l json
complete -c lll -n '\''__fish_seen_subcommand_from doc; and __fish_seen_subcommand_from edit'\'' -s b
complete -c lll -n '\''__fish_seen_subcommand_from doc; and __fish_seen_subcommand_from edit'\'' -l body
complete -c lll -n '\''__fish_seen_subcommand_from doc; and __fish_seen_subcommand_from edit'\'' -s t
complete -c lll -n '\''__fish_seen_subcommand_from doc; and __fish_seen_subcommand_from edit'\'' -l title
complete -c lll -n '\''__fish_seen_subcommand_from doc; and __fish_seen_subcommand_from edit'\'' -s k
complete -c lll -n '\''__fish_seen_subcommand_from doc; and __fish_seen_subcommand_from edit'\'' -l kind
complete -c lll -n '\''__fish_seen_subcommand_from doc; and __fish_seen_subcommand_from edit'\'' -s a
complete -c lll -n '\''__fish_seen_subcommand_from doc; and __fish_seen_subcommand_from edit'\'' -l area
complete -c lll -n '\''__fish_seen_subcommand_from doc; and __fish_seen_subcommand_from edit'\'' -s p
complete -c lll -n '\''__fish_seen_subcommand_from doc; and __fish_seen_subcommand_from edit'\'' -l paths
complete -c lll -n '\''__fish_seen_subcommand_from doc; and __fish_seen_subcommand_from delete'\'' -l force
complete -c lll -n '\''__fish_seen_subcommand_from finding; and not __fish_seen_subcommand_from near list'\'' -a '\''near list'\''
complete -c lll -n '\''__fish_seen_subcommand_from finding; and __fish_seen_subcommand_from list'\'' -s a
complete -c lll -n '\''__fish_seen_subcommand_from finding; and __fish_seen_subcommand_from list'\'' -l area
complete -c lll -n '\''__fish_seen_subcommand_from config; and not __fish_seen_subcommand_from init set --list'\'' -a '\''init set --list'\''
complete -c lll -n '\''__fish_seen_subcommand_from attach'\'' -s k
complete -c lll -n '\''__fish_seen_subcommand_from watch'\'' -l state
complete -c lll -n '\''__fish_seen_subcommand_from watch'\'' -l assignee
complete -c lll -n '\''__fish_seen_subcommand_from watch'\'' -l label
complete -c lll -n '\''__fish_seen_subcommand_from watch'\'' -l project
complete -c lll -n '\''__fish_seen_subcommand_from watch'\'' -l search
complete -c lll -n '\''__fish_seen_subcommand_from watch'\'' -l json
complete -c lll -n '\''__fish_seen_subcommand_from up'\'' -l port
complete -c lll -n '\''__fish_seen_subcommand_from up'\'' -l pb-dir
complete -c lll -n '\''__fish_seen_subcommand_from up'\'' -l no-open
complete -c lll -n '\''__fish_seen_subcommand_from board'\'' -s w
complete -c lll -n '\''__fish_seen_subcommand_from completions; and not __fish_seen_subcommand_from bash zsh fish'\'' -a '\''bash zsh fish'\''' 'complete -c lll' 'fish completions complete lll'
+ printf %s '# lll fish completions
# Add to ~/.config/fish/config.fish:  lll completions fish | source
complete -c lll -f
complete -c lll -n '\''__fish_use_subcommand'\'' -a '\''issue team member project label doc finding config attach watch up board completions help --version'\''
complete -c lll -n '\''__fish_seen_subcommand_from issue; and not __fish_seen_subcommand_from create list view update close start claim release delete comment watch url id title pr link unlink'\'' -a '\''create list view update close start claim release delete comment watch url id title pr link unlink'\''
complete -c lll -n '\''__fish_seen_subcommand_from issue; and __fish_seen_subcommand_from create'\'' -s t
complete -c lll -n '\''__fish_seen_subcommand_from issue; and __fish_seen_subcommand_from create'\'' -s d
complete -c lll -n '\''__fish_seen_subcommand_from issue; and __fish_seen_subcommand_from create'\'' -l description
complete -c lll -n '\''__fish_seen_subcommand_from issue; and __fish_seen_subcommand_from create'\'' -l emoji
complete -c lll -n '\''__fish_seen_subcommand_from issue; and __fish_seen_subcommand_from create'\'' -l priority
complete -c lll -n '\''__fish_seen_subcommand_from issue; and __fish_seen_subcommand_from create'\'' -l assignee
complete -c lll -n '\''__fish_seen_subcommand_from issue; and __fish_seen_subcommand_from create'\'' -l label
complete -c lll -n '\''__fish_seen_subcommand_from issue; and __fish_seen_subcommand_from create'\'' -l project
complete -c lll -n '\''__fish_seen_subcommand_from issue; and __fish_seen_subcommand_from create'\'' -l json
complete -c lll -n '\''__fish_seen_subcommand_from issue; and __fish_seen_subcommand_from list'\'' -l state
complete -c lll -n '\''__fish_seen_subcommand_from issue; and __fish_seen_subcommand_from list'\'' -l assignee
complete -c lll -n '\''__fish_seen_subcommand_from issue; and __fish_seen_subcommand_from list'\'' -l label
complete -c lll -n '\''__fish_seen_subcommand_from issue; and __fish_seen_subcommand_from list'\'' -l project
complete -c lll -n '\''__fish_seen_subcommand_from issue; and __fish_seen_subcommand_from list'\'' -l search
complete -c lll -n '\''__fish_seen_subcommand_from issue; and __fish_seen_subcommand_from list'\'' -l sort
complete -c lll -n '\''__fish_seen_subcommand_from issue; and __fish_seen_subcommand_from list'\'' -l limit
complete -c lll -n '\''__fish_seen_subcommand_from issue; and __fish_seen_subcommand_from list'\'' -l json
complete -c lll -n '\''__fish_seen_subcommand_from issue; and __fish_seen_subcommand_from view'\'' -l json
complete -c lll -n '\''__fish_seen_subcommand_from issue; and __fish_seen_subcommand_from view'\'' -l raw
complete -c lll -n '\''__fish_seen_subcommand_from issue; and __fish_seen_subcommand_from view'\'' -s w
complete -c lll -n '\''__fish_seen_subcommand_from issue; and __fish_seen_subcommand_from update'\'' -l state
complete -c lll -n '\''__fish_seen_subcommand_from issue; and __fish_seen_subcommand_from update'\'' -l priority
complete -c lll -n '\''__fish_seen_subcommand_from issue; and __fish_seen_subcommand_from update'\'' -l assignee
complete -c lll -n '\''__fish_seen_subcommand_from issue; and __fish_seen_subcommand_from update'\'' -l label
complete -c lll -n '\''__fish_seen_subcommand_from issue; and __fish_seen_subcommand_from update'\'' -l project
complete -c lll -n '\''__fish_seen_subcommand_from issue; and __fish_seen_subcommand_from update'\'' -l title
complete -c lll -n '\''__fish_seen_subcommand_from issue; and __fish_seen_subcommand_from update'\'' -l description
complete -c lll -n '\''__fish_seen_subcommand_from issue; and __fish_seen_subcommand_from update'\'' -l emoji
complete -c lll -n '\''__fish_seen_subcommand_from issue; and __fish_seen_subcommand_from delete'\'' -l force
complete -c lll -n '\''__fish_seen_subcommand_from issue; and __fish_seen_subcommand_from comment'\'' -s b
complete -c lll -n '\''__fish_seen_subcommand_from issue; and __fish_seen_subcommand_from watch'\'' -l json
+ grep -F -- 'complete -c lll'
complete -c lll -n '\''__fish_seen_subcommand_from team; and not __fish_seen_subcommand_from list create view'\'' -a '\''list create view'\''
complete -c lll -n '\''__fish_seen_subcommand_from team; and __fish_seen_subcommand_from create'\'' -s k
complete -c lll -n '\''__fish_seen_subcommand_from team; and __fish_seen_subcommand_from create'\'' -s n
complete -c lll -n '\''__fish_seen_subcommand_from member; and not __fish_seen_subcommand_from list add'\'' -a '\''list add'\''
complete -c lll -n '\''__fish_seen_subcommand_from member; and __fish_seen_subcommand_from add'\'' -s n
complete -c lll -n '\''__fish_seen_subcommand_from member; and __fish_seen_subcommand_from add'\'' -s e
complete -c lll -n '\''__fish_seen_subcommand_from project; and not __fish_seen_subcommand_from list view create'\'' -a '\''list view create'\''
complete -c lll -n '\''__fish_seen_subcommand_from project; and __fish_seen_subcommand_from create'\'' -s n
complete -c lll -n '\''__fish_seen_subcommand_from project; and __fish_seen_subcommand_from create'\'' -s d
complete -c lll -n '\''__fish_seen_subcommand_from project; and __fish_seen_subcommand_from create'\'' -l status
complete -c lll -n '\''__fish_seen_subcommand_from project; and __fish_seen_subcommand_from create'\'' -l team
complete -c lll -n '\''__fish_seen_subcommand_from label; and not __fish_seen_subcommand_from list create'\'' -a '\''list create'\''
complete -c lll -n '\''__fish_seen_subcommand_from label; and __fish_seen_subcommand_from create'\'' -s n
complete -c lll -n '\''__fish_seen_subcommand_from label; and __fish_seen_subcommand_from create'\'' -s c
complete -c lll -n '\''__fish_seen_subcommand_from label; and __fish_seen_subcommand_from create'\'' -l team
complete -c lll -n '\''__fish_seen_subcommand_from doc; and not __fish_seen_subcommand_from new list view edit delete'\'' -a '\''new list view edit delete'\''
complete -c lll -n '\''__fish_seen_subcommand_from doc; and __fish_seen_subcommand_from new'\'' -s s
complete -c lll -n '\''__fish_seen_subcommand_from doc; and __fish_seen_subcommand_from new'\'' -l slug
complete -c lll -n '\''__fish_seen_subcommand_from doc; and __fish_seen_subcommand_from new'\'' -s t
complete -c lll -n '\''__fish_seen_subcommand_from doc; and __fish_seen_subcommand_from new'\'' -l title
complete -c lll -n '\''__fish_seen_subcommand_from doc; and __fish_seen_subcommand_from new'\'' -s k
complete -c lll -n '\''__fish_seen_subcommand_from doc; and __fish_seen_subcommand_from new'\'' -l kind
complete -c lll -n '\''__fish_seen_subcommand_from doc; and __fish_seen_subcommand_from new'\'' -s b
complete -c lll -n '\''__fish_seen_subcommand_from doc; and __fish_seen_subcommand_from new'\'' -l body
complete -c lll -n '\''__fish_seen_subcommand_from doc; and __fish_seen_subcommand_from new'\'' -s a
complete -c lll -n '\''__fish_seen_subcommand_from doc; and __fish_seen_subcommand_from new'\'' -l area
complete -c lll -n '\''__fish_seen_subcommand_from doc; and __fish_seen_subcommand_from new'\'' -s p
complete -c lll -n '\''__fish_seen_subcommand_from doc; and __fish_seen_subcommand_from new'\'' -l paths
complete -c lll -n '\''__fish_seen_subcommand_from doc; and __fish_seen_subcommand_from view'\'' -l raw
complete -c lll -n '\''__fish_seen_subcommand_from doc; and __fish_seen_subcommand_from view'\'' -l json
complete -c lll -n '\''__fish_seen_subcommand_from doc; and __fish_seen_subcommand_from edit'\'' -s b
complete -c lll -n '\''__fish_seen_subcommand_from doc; and __fish_seen_subcommand_from edit'\'' -l body
complete -c lll -n '\''__fish_seen_subcommand_from doc; and __fish_seen_subcommand_from edit'\'' -s t
complete -c lll -n '\''__fish_seen_subcommand_from doc; and __fish_seen_subcommand_from edit'\'' -l title
complete -c lll -n '\''__fish_seen_subcommand_from doc; and __fish_seen_subcommand_from edit'\'' -s k
complete -c lll -n '\''__fish_seen_subcommand_from doc; and __fish_seen_subcommand_from edit'\'' -l kind
complete -c lll -n '\''__fish_seen_subcommand_from doc; and __fish_seen_subcommand_from edit'\'' -s a
complete -c lll -n '\''__fish_seen_subcommand_from doc; and __fish_seen_subcommand_from edit'\'' -l area
complete -c lll -n '\''__fish_seen_subcommand_from doc; and __fish_seen_subcommand_from edit'\'' -s p
complete -c lll -n '\''__fish_seen_subcommand_from doc; and __fish_seen_subcommand_from edit'\'' -l paths
complete -c lll -n '\''__fish_seen_subcommand_from doc; and __fish_seen_subcommand_from delete'\'' -l force
complete -c lll -n '\''__fish_seen_subcommand_from finding; and not __fish_seen_subcommand_from near list'\'' -a '\''near list'\''
complete -c lll -n '\''__fish_seen_subcommand_from finding; and __fish_seen_subcommand_from list'\'' -s a
complete -c lll -n '\''__fish_seen_subcommand_from finding; and __fish_seen_subcommand_from list'\'' -l area
complete -c lll -n '\''__fish_seen_subcommand_from config; and not __fish_seen_subcommand_from init set --list'\'' -a '\''init set --list'\''
complete -c lll -n '\''__fish_seen_subcommand_from attach'\'' -s k
complete -c lll -n '\''__fish_seen_subcommand_from watch'\'' -l state
complete -c lll -n '\''__fish_seen_subcommand_from watch'\'' -l assignee
complete -c lll -n '\''__fish_seen_subcommand_from watch'\'' -l label
complete -c lll -n '\''__fish_seen_subcommand_from watch'\'' -l project
complete -c lll -n '\''__fish_seen_subcommand_from watch'\'' -l search
complete -c lll -n '\''__fish_seen_subcommand_from watch'\'' -l json
complete -c lll -n '\''__fish_seen_subcommand_from up'\'' -l port
complete -c lll -n '\''__fish_seen_subcommand_from up'\'' -l pb-dir
complete -c lll -n '\''__fish_seen_subcommand_from up'\'' -l no-open
complete -c lll -n '\''__fish_seen_subcommand_from board'\'' -s w
complete -c lll -n '\''__fish_seen_subcommand_from completions; and not __fish_seen_subcommand_from bash zsh fish'\'' -a '\''bash zsh fish'\'''
++ target/.lisette/bin/lll completions bash
++ grep -F 'watch,*)'
++ head -1
++ sed 's/.*words='\''//;s/'\''.*//'
+ comp_watch='--state --assignee --label --project --search --json'
+ assert_contains '--state --assignee --label --project --search --json' '--state --assignee --label --project --search --json' 'watch completions carry exactly the watch spec'\''s flags'
+ printf %s '--state --assignee --label --project --search --json'
+ grep -F -- '--state --assignee --label --project --search --json'
++ target/.lisette/bin/lll completions bash
++ grep -F doc,new
++ head -1
++ sed 's/.*words='\''//;s/'\''.*//'
+ comp_doc='-s --slug -t --title -k --kind -b --body -a --area -p --paths'
+ assert_contains '-s --slug -t --title -k --kind -b --body -a --area -p --paths' '-s --slug -t --title -k --kind -b --body' 'doc new completions carry exactly the doc new spec'\''s flags'
+ printf %s '-s --slug -t --title -k --kind -b --body -a --area -p --paths'
+ grep -F -- '-s --slug -t --title -k --kind -b --body'
++ target/.lisette/bin/lll completions bash
++ grep -F 'issue)'
++ head -1
++ sed 's/.*words='\''//;s/'\''.*//'
+ comp_issue='create list view update close start claim release delete comment watch url id title pr link unlink'
+ assert_contains 'create list view update close start claim release delete comment watch url id title pr link unlink' 'link unlink' 'issue completions include link and unlink'
+ printf %s 'create list view update close start claim release delete comment watch url id title pr link unlink'
+ grep -F -- 'link unlink'
++ target/.lisette/bin/lll watch --help
+ help_watch='lll watch - live event stream for a query

Usage:
  lll watch [--state s] [--assignee name] [--label name] [--project name] [--search q] [--json]

Streams create/update/delete events for issues matching the criteria
(filtered server-side; scoped to the configured team like '\''lll issue list'\''),
one timestamped line per event, until interrupted:

  10:42:01 ENG-12 created: Fix login flow
  10:42:07 ENG-12 update state: todo -> in-progress
  10:42:09 ENG-12 deleted

Updates are shown as field transitions (state, priority, title, assignee) by
diffing against the last event seen for that record; a record'\''s first update
prints as '\''changed'\''. Note: an update that moves a record out of the filter
(e.g. state todo -> done under --state todo) emits nothing — PocketBase only
delivers events for records matching the filter after the change.

Flags:
  --state     one of: backlog, todo, in-progress, in-review, done, cancelled
  --assignee  member name (see '\''lll member list'\'')
  --label     label name (see '\''lll label list'\'')
  --project   project name (see '\''lll project list'\'')
  --search    only issues whose title contains q
  --json      NDJSON: one raw PocketBase event object per line, with a
              "topic" field added'
+ for fl in '--state' '--assignee' '--label' '--project' '--search' '--json'
+ assert_contains 'lll watch - live event stream for a query

Usage:
  lll watch [--state s] [--assignee name] [--label name] [--project name] [--search q] [--json]

Streams create/update/delete events for issues matching the criteria
(filtered server-side; scoped to the configured team like '\''lll issue list'\''),
one timestamped line per event, until interrupted:

  10:42:01 ENG-12 created: Fix login flow
  10:42:07 ENG-12 update state: todo -> in-progress
  10:42:09 ENG-12 deleted

Updates are shown as field transitions (state, priority, title, assignee) by
diffing against the last event seen for that record; a record'\''s first update
prints as '\''changed'\''. Note: an update that moves a record out of the filter
(e.g. state todo -> done under --state todo) emits nothing — PocketBase only
delivers events for records matching the filter after the change.

Flags:
  --state     one of: backlog, todo, in-progress, in-review, done, cancelled
  --assignee  member name (see '\''lll member list'\'')
  --label     label name (see '\''lll label list'\'')
  --project   project name (see '\''lll project list'\'')
  --search    only issues whose title contains q
  --json      NDJSON: one raw PocketBase event object per line, with a
              "topic" field added' --state 'watch help lists --state, as its completions entry does'
+ printf %s 'lll watch - live event stream for a query

Usage:
  lll watch [--state s] [--assignee name] [--label name] [--project name] [--search q] [--json]

Streams create/update/delete events for issues matching the criteria
(filtered server-side; scoped to the configured team like '\''lll issue list'\''),
one timestamped line per event, until interrupted:

  10:42:01 ENG-12 created: Fix login flow
  10:42:07 ENG-12 update state: todo -> in-progress
  10:42:09 ENG-12 deleted

Updates are shown as field transitions (state, priority, title, assignee) by
diffing against the last event seen for that record; a record'\''s first update
prints as '\''changed'\''. Note: an update that moves a record out of the filter
(e.g. state todo -> done under --state todo) emits nothing — PocketBase only
delivers events for records matching the filter after the change.

Flags:
  --state     one of: backlog, todo, in-progress, in-review, done, cancelled
  --assignee  member name (see '\''lll member list'\'')
  --label     label name (see '\''lll label list'\'')
  --project   project name (see '\''lll project list'\'')
  --search    only issues whose title contains q
  --json      NDJSON: one raw PocketBase event object per line, with a
              "topic" field added'
+ grep -F -- --state
+ for fl in '--state' '--assignee' '--label' '--project' '--search' '--json'
+ assert_contains 'lll watch - live event stream for a query

Usage:
  lll watch [--state s] [--assignee name] [--label name] [--project name] [--search q] [--json]

Streams create/update/delete events for issues matching the criteria
(filtered server-side; scoped to the configured team like '\''lll issue list'\''),
one timestamped line per event, until interrupted:

  10:42:01 ENG-12 created: Fix login flow
  10:42:07 ENG-12 update state: todo -> in-progress
  10:42:09 ENG-12 deleted

Updates are shown as field transitions (state, priority, title, assignee) by
diffing against the last event seen for that record; a record'\''s first update
prints as '\''changed'\''. Note: an update that moves a record out of the filter
(e.g. state todo -> done under --state todo) emits nothing — PocketBase only
delivers events for records matching the filter after the change.

Flags:
  --state     one of: backlog, todo, in-progress, in-review, done, cancelled
  --assignee  member name (see '\''lll member list'\'')
  --label     label name (see '\''lll label list'\'')
  --project   project name (see '\''lll project list'\'')
  --search    only issues whose title contains q
  --json      NDJSON: one raw PocketBase event object per line, with a
              "topic" field added' --assignee 'watch help lists --assignee, as its completions entry does'
+ printf %s 'lll watch - live event stream for a query

Usage:
  lll watch [--state s] [--assignee name] [--label name] [--project name] [--search q] [--json]

Streams create/update/delete events for issues matching the criteria
(filtered server-side; scoped to the configured team like '\''lll issue list'\''),
one timestamped line per event, until interrupted:

  10:42:01 ENG-12 created: Fix login flow
  10:42:07 ENG-12 update state: todo -> in-progress
  10:42:09 ENG-12 deleted

Updates are shown as field transitions (state, priority, title, assignee) by
diffing against the last event seen for that record; a record'\''s first update
prints as '\''changed'\''. Note: an update that moves a record out of the filter
(e.g. state todo -> done under --state todo) emits nothing — PocketBase only
delivers events for records matching the filter after the change.

Flags:
  --state     one of: backlog, todo, in-progress, in-review, done, cancelled
  --assignee  member name (see '\''lll member list'\'')
  --label     label name (see '\''lll label list'\'')
  --project   project name (see '\''lll project list'\'')
  --search    only issues whose title contains q
  --json      NDJSON: one raw PocketBase event object per line, with a
              "topic" field added'
+ grep -F -- --assignee
+ for fl in '--state' '--assignee' '--label' '--project' '--search' '--json'
+ assert_contains 'lll watch - live event stream for a query

Usage:
  lll watch [--state s] [--assignee name] [--label name] [--project name] [--search q] [--json]

Streams create/update/delete events for issues matching the criteria
(filtered server-side; scoped to the configured team like '\''lll issue list'\''),
one timestamped line per event, until interrupted:

  10:42:01 ENG-12 created: Fix login flow
  10:42:07 ENG-12 update state: todo -> in-progress
  10:42:09 ENG-12 deleted

Updates are shown as field transitions (state, priority, title, assignee) by
diffing against the last event seen for that record; a record'\''s first update
prints as '\''changed'\''. Note: an update that moves a record out of the filter
(e.g. state todo -> done under --state todo) emits nothing — PocketBase only
delivers events for records matching the filter after the change.

Flags:
  --state     one of: backlog, todo, in-progress, in-review, done, cancelled
  --assignee  member name (see '\''lll member list'\'')
  --label     label name (see '\''lll label list'\'')
  --project   project name (see '\''lll project list'\'')
  --search    only issues whose title contains q
  --json      NDJSON: one raw PocketBase event object per line, with a
              "topic" field added' --label 'watch help lists --label, as its completions entry does'
+ printf %s 'lll watch - live event stream for a query

Usage:
  lll watch [--state s] [--assignee name] [--label name] [--project name] [--search q] [--json]

Streams create/update/delete events for issues matching the criteria
(filtered server-side; scoped to the configured team like '\''lll issue list'\''),
one timestamped line per event, until interrupted:

  10:42:01 ENG-12 created: Fix login flow
  10:42:07 ENG-12 update state: todo -> in-progress
  10:42:09 ENG-12 deleted

Updates are shown as field transitions (state, priority, title, assignee) by
diffing against the last event seen for that record; a record'\''s first update
prints as '\''changed'\''. Note: an update that moves a record out of the filter
(e.g. state todo -> done under --state todo) emits nothing — PocketBase only
delivers events for records matching the filter after the change.

Flags:
  --state     one of: backlog, todo, in-progress, in-review, done, cancelled
  --assignee  member name (see '\''lll member list'\'')
  --label     label name (see '\''lll label list'\'')
  --project   project name (see '\''lll project list'\'')
  --search    only issues whose title contains q
  --json      NDJSON: one raw PocketBase event object per line, with a
              "topic" field added'
+ grep -F -- --label
+ for fl in '--state' '--assignee' '--label' '--project' '--search' '--json'
+ assert_contains 'lll watch - live event stream for a query

Usage:
  lll watch [--state s] [--assignee name] [--label name] [--project name] [--search q] [--json]

Streams create/update/delete events for issues matching the criteria
(filtered server-side; scoped to the configured team like '\''lll issue list'\''),
one timestamped line per event, until interrupted:

  10:42:01 ENG-12 created: Fix login flow
  10:42:07 ENG-12 update state: todo -> in-progress
  10:42:09 ENG-12 deleted

Updates are shown as field transitions (state, priority, title, assignee) by
diffing against the last event seen for that record; a record'\''s first update
prints as '\''changed'\''. Note: an update that moves a record out of the filter
(e.g. state todo -> done under --state todo) emits nothing — PocketBase only
delivers events for records matching the filter after the change.

Flags:
  --state     one of: backlog, todo, in-progress, in-review, done, cancelled
  --assignee  member name (see '\''lll member list'\'')
  --label     label name (see '\''lll label list'\'')
  --project   project name (see '\''lll project list'\'')
  --search    only issues whose title contains q
  --json      NDJSON: one raw PocketBase event object per line, with a
              "topic" field added' --project 'watch help lists --project, as its completions entry does'
+ printf %s 'lll watch - live event stream for a query

Usage:
  lll watch [--state s] [--assignee name] [--label name] [--project name] [--search q] [--json]

Streams create/update/delete events for issues matching the criteria
(filtered server-side; scoped to the configured team like '\''lll issue list'\''),
one timestamped line per event, until interrupted:

  10:42:01 ENG-12 created: Fix login flow
  10:42:07 ENG-12 update state: todo -> in-progress
  10:42:09 ENG-12 deleted

Updates are shown as field transitions (state, priority, title, assignee) by
diffing against the last event seen for that record; a record'\''s first update
prints as '\''changed'\''. Note: an update that moves a record out of the filter
(e.g. state todo -> done under --state todo) emits nothing — PocketBase only
delivers events for records matching the filter after the change.

Flags:
  --state     one of: backlog, todo, in-progress, in-review, done, cancelled
  --assignee  member name (see '\''lll member list'\'')
  --label     label name (see '\''lll label list'\'')
  --project   project name (see '\''lll project list'\'')
  --search    only issues whose title contains q
  --json      NDJSON: one raw PocketBase event object per line, with a
              "topic" field added'
+ grep -F -- --project
+ for fl in '--state' '--assignee' '--label' '--project' '--search' '--json'
+ assert_contains 'lll watch - live event stream for a query

Usage:
  lll watch [--state s] [--assignee name] [--label name] [--project name] [--search q] [--json]

Streams create/update/delete events for issues matching the criteria
(filtered server-side; scoped to the configured team like '\''lll issue list'\''),
one timestamped line per event, until interrupted:

  10:42:01 ENG-12 created: Fix login flow
  10:42:07 ENG-12 update state: todo -> in-progress
  10:42:09 ENG-12 deleted

Updates are shown as field transitions (state, priority, title, assignee) by
diffing against the last event seen for that record; a record'\''s first update
prints as '\''changed'\''. Note: an update that moves a record out of the filter
(e.g. state todo -> done under --state todo) emits nothing — PocketBase only
delivers events for records matching the filter after the change.

Flags:
  --state     one of: backlog, todo, in-progress, in-review, done, cancelled
  --assignee  member name (see '\''lll member list'\'')
  --label     label name (see '\''lll label list'\'')
  --project   project name (see '\''lll project list'\'')
  --search    only issues whose title contains q
  --json      NDJSON: one raw PocketBase event object per line, with a
              "topic" field added' --search 'watch help lists --search, as its completions entry does'
+ printf %s 'lll watch - live event stream for a query

Usage:
  lll watch [--state s] [--assignee name] [--label name] [--project name] [--search q] [--json]

Streams create/update/delete events for issues matching the criteria
(filtered server-side; scoped to the configured team like '\''lll issue list'\''),
one timestamped line per event, until interrupted:

  10:42:01 ENG-12 created: Fix login flow
  10:42:07 ENG-12 update state: todo -> in-progress
  10:42:09 ENG-12 deleted

Updates are shown as field transitions (state, priority, title, assignee) by
diffing against the last event seen for that record; a record'\''s first update
prints as '\''changed'\''. Note: an update that moves a record out of the filter
(e.g. state todo -> done under --state todo) emits nothing — PocketBase only
delivers events for records matching the filter after the change.

Flags:
  --state     one of: backlog, todo, in-progress, in-review, done, cancelled
  --assignee  member name (see '\''lll member list'\'')
  --label     label name (see '\''lll label list'\'')
  --project   project name (see '\''lll project list'\'')
  --search    only issues whose title contains q
  --json      NDJSON: one raw PocketBase event object per line, with a
              "topic" field added'
+ grep -F -- --search
+ for fl in '--state' '--assignee' '--label' '--project' '--search' '--json'
+ assert_contains 'lll watch - live event stream for a query

Usage:
  lll watch [--state s] [--assignee name] [--label name] [--project name] [--search q] [--json]

Streams create/update/delete events for issues matching the criteria
(filtered server-side; scoped to the configured team like '\''lll issue list'\''),
one timestamped line per event, until interrupted:

  10:42:01 ENG-12 created: Fix login flow
  10:42:07 ENG-12 update state: todo -> in-progress
  10:42:09 ENG-12 deleted

Updates are shown as field transitions (state, priority, title, assignee) by
diffing against the last event seen for that record; a record'\''s first update
prints as '\''changed'\''. Note: an update that moves a record out of the filter
(e.g. state todo -> done under --state todo) emits nothing — PocketBase only
delivers events for records matching the filter after the change.

Flags:
  --state     one of: backlog, todo, in-progress, in-review, done, cancelled
  --assignee  member name (see '\''lll member list'\'')
  --label     label name (see '\''lll label list'\'')
  --project   project name (see '\''lll project list'\'')
  --search    only issues whose title contains q
  --json      NDJSON: one raw PocketBase event object per line, with a
              "topic" field added' --json 'watch help lists --json, as its completions entry does'
+ printf %s 'lll watch - live event stream for a query

Usage:
  lll watch [--state s] [--assignee name] [--label name] [--project name] [--search q] [--json]

Streams create/update/delete events for issues matching the criteria
(filtered server-side; scoped to the configured team like '\''lll issue list'\''),
one timestamped line per event, until interrupted:

  10:42:01 ENG-12 created: Fix login flow
  10:42:07 ENG-12 update state: todo -> in-progress
  10:42:09 ENG-12 deleted

Updates are shown as field transitions (state, priority, title, assignee) by
diffing against the last event seen for that record; a record'\''s first update
prints as '\''changed'\''. Note: an update that moves a record out of the filter
(e.g. state todo -> done under --state todo) emits nothing — PocketBase only
delivers events for records matching the filter after the change.

Flags:
  --state     one of: backlog, todo, in-progress, in-review, done, cancelled
  --assignee  member name (see '\''lll member list'\'')
  --label     label name (see '\''lll label list'\'')
  --project   project name (see '\''lll project list'\'')
  --search    only issues whose title contains q
  --json      NDJSON: one raw PocketBase event object per line, with a
              "topic" field added'
+ grep -F -- --json
++ cat /var/folders/dw/_2dd8rzs1_1dvtbbt2tdsxy80000gn/T/tmp.o7F1FlOjs8/comp.bash
+ assert_contains '# lll bash completions
# Add to ~/.bashrc:  eval "$(lll completions bash)"
_lll() {
  local cur=${COMP_WORDS[COMP_CWORD]}
  local noun=${COMP_WORDS[1]-}
  local verb=${COMP_WORDS[2]-}
  local words=
  if [ $COMP_CWORD -eq 1 ]; then
    words='\''issue team member project label doc finding config attach watch up board completions help --version'\''
  elif [ $COMP_CWORD -eq 2 ]; then
    case $noun in
      issue) words='\''create list view update close start claim release delete comment watch url id title pr link unlink'\'' ;;
      team) words='\''list create view'\'' ;;
      member) words='\''list add'\'' ;;
      project) words='\''list view create'\'' ;;
      label) words='\''list create'\'' ;;
      doc) words='\''new list view edit delete'\'' ;;
      finding) words='\''near list'\'' ;;
      config) words='\''init set --list'\'' ;;
      attach) words='\''-k'\'' ;;
      watch) words='\''--state --assignee --label --project --search --json'\'' ;;
      up) words='\''--port --pb-dir --no-open'\'' ;;
      board) words='\''-w'\'' ;;
      completions) words='\''bash zsh fish'\'' ;;
    esac
  else
    case $noun,$verb in
      issue,create) words='\''-t -d --description --emoji --priority --assignee --label --project --json'\'' ;;
      issue,list) words='\''--state --assignee --label --project --search --sort --limit --json'\'' ;;
      issue,view) words='\''--json --raw -w'\'' ;;
      issue,update) words='\''--state --priority --assignee --label --project --title --description --emoji'\'' ;;
      issue,delete) words='\''--force'\'' ;;
      issue,comment) words='\''-b'\'' ;;
      issue,watch) words='\''--json'\'' ;;
      team,create) words='\''-k -n'\'' ;;
      member,add) words='\''-n -e'\'' ;;
      project,create) words='\''-n -d --status --team'\'' ;;
      label,create) words='\''-n -c --team'\'' ;;
      doc,new) words='\''-s --slug -t --title -k --kind -b --body -a --area -p --paths'\'' ;;
      doc,view) words='\''--raw --json'\'' ;;
      doc,edit) words='\''-b --body -t --title -k --kind -a --area -p --paths'\'' ;;
      doc,delete) words='\''--force'\'' ;;
      finding,list) words='\''-a --area'\'' ;;
      attach,*) words='\''-k'\'' ;;
      watch,*) words='\''--state --assignee --label --project --search --json'\'' ;;
      up,*) words='\''--port --pb-dir --no-open'\'' ;;
      board,*) words='\''-w'\'' ;;
    esac
  fi
  COMPREPLY=($(compgen -W "$words" -- "$cur"))
}
complete -F _lll lll' 'issue,create) words='\''-t -d --description --emoji' 'completions offer the parser'\''s own issue create flags'
+ printf %s '# lll bash completions
# Add to ~/.bashrc:  eval "$(lll completions bash)"
_lll() {
  local cur=${COMP_WORDS[COMP_CWORD]}
  local noun=${COMP_WORDS[1]-}
  local verb=${COMP_WORDS[2]-}
  local words=
  if [ $COMP_CWORD -eq 1 ]; then
    words='\''issue team member project label doc finding config attach watch up board completions help --version'\''
  elif [ $COMP_CWORD -eq 2 ]; then
    case $noun in
      issue) words='\''create list view update close start claim release delete comment watch url id title pr link unlink'\'' ;;
      team) words='\''list create view'\'' ;;
      member) words='\''list add'\'' ;;
      project) words='\''list view create'\'' ;;
      label) words='\''list create'\'' ;;
      doc) words='\''new list view edit delete'\'' ;;
      finding) words='\''near list'\'' ;;
      config) words='\''init set --list'\'' ;;
      attach) words='\''-k'\'' ;;
      watch) words='\''--state --assignee --label --project --search --json'\'' ;;
      up) words='\''--port --pb-dir --no-open'\'' ;;
      board) words='\''-w'\'' ;;
      completions) words='\''bash zsh fish'\'' ;;
    esac
  else
    case $noun,$verb in
      issue,create) words='\''-t -d --description --emoji --priority --assignee --label --project --json'\'' ;;
      issue,list) words='\''--state --assignee --label --project --search --sort --limit --json'\'' ;;
      issue,view) words='\''--json --raw -w'\'' ;;
      issue,update) words='\''--state --priority --assignee --label --project --title --description --emoji'\'' ;;
      issue,delete) words='\''--force'\'' ;;
      issue,comment) words='\''-b'\'' ;;
      issue,watch) words='\''--json'\'' ;;
      team,create) words='\''-k -n'\'' ;;
      member,add) words='\''-n -e'\'' ;;
      project,create) words='\''-n -d --status --team'\'' ;;
      label,create) words='\''-n -c --team'\'' ;;
      doc,new) words='\''-s --slug -t --title -k --kind -b --body -a --area -p --paths'\'' ;;
      doc,view) words='\''--raw --json'\'' ;;
      doc,edit) words='\''-b --body -t --title -k --kind -a --area -p --paths'\'' ;;
      doc,delete) words='\''--force'\'' ;;
      finding,list) words='\''-a --area'\'' ;;
      attach,*) words='\''-k'\'' ;;
      watch,*) words='\''--state --assignee --label --project --search --json'\'' ;;
      up,*) words='\''--port --pb-dir --no-open'\'' ;;
      board,*) words='\''-w'\'' ;;
    esac
  fi
  COMPREPLY=($(compgen -W "$words" -- "$cur"))
}
complete -F _lll lll'
+ grep -F -- 'issue,create) words='\''-t -d --description --emoji'
++ target/.lisette/bin/lll completions bash
++ grep -F 'issue,create)'
++ head -1
++ sed 's/.*words='\''//;s/'\''.*//'
+ comp_create='-t -d --description --emoji --priority --assignee --label --project --json'
+ assert_contains '-t -d --description --emoji --priority --assignee --label --project --json' --json 'issue create completions carry --json'
+ printf %s '-t -d --description --emoji --priority --assignee --label --project --json'
+ grep -F -- --json
+ set +e
++ target/.lisette/bin/lll issue create --bogus
+ out='Error: unknown flag: '\''--bogus'\''
usage: lll issue create -t "title" [-d desc] [--emoji X] [--priority 0-4] [--assignee name] [--label name]... [--project name] [--json]'
+ rc=1
+ set -e
+ '[' 1 -ne 0 ']'
+ assert_contains 'Error: unknown flag: '\''--bogus'\''
usage: lll issue create -t "title" [-d desc] [--emoji X] [--priority 0-4] [--assignee name] [--label name]... [--project name] [--json]' 'unknown flag: '\''--bogus'\''' 'unknown flag names the flag'
+ printf %s 'Error: unknown flag: '\''--bogus'\''
usage: lll issue create -t "title" [-d desc] [--emoji X] [--priority 0-4] [--assignee name] [--label name]... [--project name] [--json]'
+ grep -F -- 'unknown flag: '\''--bogus'\'''
+ assert_contains 'Error: unknown flag: '\''--bogus'\''
usage: lll issue create -t "title" [-d desc] [--emoji X] [--priority 0-4] [--assignee name] [--label name]... [--project name] [--json]' 'usage: lll issue create' 'unknown flag error carries the generated usage line'
+ printf %s 'Error: unknown flag: '\''--bogus'\''
usage: lll issue create -t "title" [-d desc] [--emoji X] [--priority 0-4] [--assignee name] [--label name]... [--project name] [--json]'
+ grep -F -- 'usage: lll issue create'
+ set +e
++ target/.lisette/bin/lll completions powershell
+ out='Error: unknown shell: '\''powershell'\'' (expected bash, zsh, or fish)'
+ rc=1
+ set -e
+ '[' 1 -ne 0 ']'
+ assert_contains 'Error: unknown shell: '\''powershell'\'' (expected bash, zsh, or fish)' 'unknown shell' 'unknown shell message'
+ printf %s 'Error: unknown shell: '\''powershell'\'' (expected bash, zsh, or fish)'
+ grep -F -- 'unknown shell'
++ HOME=/var/folders/dw/_2dd8rzs1_1dvtbbt2tdsxy80000gn/T/tmp.o7F1FlOjs8/home
++ LLL_URL=http://127.0.0.1:35353
++ target/.lisette/bin/lll issue url ENG-6
+ out=http://127.0.0.1:8100/issue/ENG-6
+ '[' http://127.0.0.1:8100/issue/ENG-6 = http://127.0.0.1:8100/issue/ENG-6 ']'
++ LLL_URL=http://127.0.0.1:35353
++ LLL_WEB_URL=https://lll.example.com
++ target/.lisette/bin/lll issue url ENG-6
+ out=https://lll.example.com/issue/ENG-6
+ '[' https://lll.example.com/issue/ENG-6 = https://lll.example.com/issue/ENG-6 ']'
++ LLL_URL=http://127.0.0.1:35353
++ target/.lisette/bin/lll issue id ENG-6
+ out=ENG-6
+ '[' ENG-6 = ENG-6 ']'
++ LLL_URL=http://127.0.0.1:35353
++ target/.lisette/bin/lll issue title ENG-6
+ out='Roundtrip issue v2'
+ '[' 'Roundtrip issue v2' = 'Roundtrip issue v2' ']'
+ set +e
++ LLL_URL=http://127.0.0.1:35353
++ target/.lisette/bin/lll issue url ENG-99
+ out='Error: issue ENG-99 not found — check '\''lll issue list'\'' or LLL_TEAM'
+ rc=1
+ set -e
+ '[' 1 -ne 0 ']'
+ assert_contains 'Error: issue ENG-99 not found — check '\''lll issue list'\'' or LLL_TEAM' 'issue ENG-99 not found' 'issue url unknown ID message'
+ printf %s 'Error: issue ENG-99 not found — check '\''lll issue list'\'' or LLL_TEAM'
+ grep -F -- 'issue ENG-99 not found'
++ cd /var/folders/dw/_2dd8rzs1_1dvtbbt2tdsxy80000gn/T/tmp.o7F1FlOjs8/repo
++ HOME=/var/folders/dw/_2dd8rzs1_1dvtbbt2tdsxy80000gn/T/tmp.o7F1FlOjs8/home
++ LLL_URL=http://127.0.0.1:35353
++ /Users/bcm/dv/lll-wt-179/target/.lisette/bin/lll issue url
+ out=http://127.0.0.1:8100/issue/ENG-6
+ '[' http://127.0.0.1:8100/issue/ENG-6 = http://127.0.0.1:8100/issue/ENG-6 ']'
++ cd /var/folders/dw/_2dd8rzs1_1dvtbbt2tdsxy80000gn/T/tmp.o7F1FlOjs8/repo
++ LLL_URL=http://127.0.0.1:35353
++ /Users/bcm/dv/lll-wt-179/target/.lisette/bin/lll issue id
+ out=ENG-6
+ '[' ENG-6 = ENG-6 ']'
++ cd /var/folders/dw/_2dd8rzs1_1dvtbbt2tdsxy80000gn/T/tmp.o7F1FlOjs8/repo
++ LLL_URL=http://127.0.0.1:35353
++ /Users/bcm/dv/lll-wt-179/target/.lisette/bin/lll issue title
+ out='Roundtrip issue v2'
+ '[' 'Roundtrip issue v2' = 'Roundtrip issue v2' ']'
++ HOME=/var/folders/dw/_2dd8rzs1_1dvtbbt2tdsxy80000gn/T/tmp.o7F1FlOjs8/home
++ target/.lisette/bin/lll board
+ out=http://127.0.0.1:8100
+ '[' http://127.0.0.1:8100 = http://127.0.0.1:8100 ']'
++ LLL_WEB_URL=https://lll.example.com/
++ target/.lisette/bin/lll board
+ out=https://lll.example.com
+ '[' https://lll.example.com = https://lll.example.com ']'
+ printf 'url = "%s"\nweb_url = "https://cfg.example.com"\n' http://127.0.0.1:35353
++ cd /var/folders/dw/_2dd8rzs1_1dvtbbt2tdsxy80000gn/T/tmp.o7F1FlOjs8/work
++ HOME=/var/folders/dw/_2dd8rzs1_1dvtbbt2tdsxy80000gn/T/tmp.o7F1FlOjs8/home
++ /Users/bcm/dv/lll-wt-179/target/.lisette/bin/lll board
+ out=https://cfg.example.com
+ '[' https://cfg.example.com = https://cfg.example.com ']'
+ mkdir -p /var/folders/dw/_2dd8rzs1_1dvtbbt2tdsxy80000gn/T/tmp.o7F1FlOjs8/bin
+ printf '#!/bin/sh\necho "$1" >> "%s/opened.txt"\n' /var/folders/dw/_2dd8rzs1_1dvtbbt2tdsxy80000gn/T/tmp.o7F1FlOjs8
+ chmod +x /var/folders/dw/_2dd8rzs1_1dvtbbt2tdsxy80000gn/T/tmp.o7F1FlOjs8/bin/open
++ HOME=/var/folders/dw/_2dd8rzs1_1dvtbbt2tdsxy80000gn/T/tmp.o7F1FlOjs8/home
++ PATH=/var/folders/dw/_2dd8rzs1_1dvtbbt2tdsxy80000gn/T/tmp.o7F1FlOjs8/bin:/Users/bcm/.opam/playground/bin:/Users/bcm/dv/lll/target/.lisette/bin:/Users/bcm/bin:/Users/bcm/.local/share/mise/installs/go/1.27.0/bin:/Users/bcm/.local/share/mise/installs/jq/1.8.2:/Users/bcm/.local/share/mise/installs/node/22.13.1/bin:/Users/bcm/.local/share/mise/installs/pnpm/10.27.0:/Users/bcm/.local/share/mise/installs/yarn/1.22.22/bin:/Users/bcm/.local/share/mise/installs/java/temurin-21.0.9+10.0.LTS/bin:/Users/bcm/.local/share/mise/installs/clojure/1.12.3.1577/bin:/Users/bcm/.local/share/mise/installs/babashka/1.12.212:/Users/bcm/.local/share/mise/installs/bun/1.3.14/bin:/Users/bcm/.local/share/mise/installs/bat/0.26.1/bat-v0.26.1-aarch64-apple-darwin:/Users/bcm/.local/share/mise/installs/fzf/0.73.1:/Users/bcm/.local/share/mise/installs/fd/10.4.2/fd-v10.4.2-aarch64-apple-darwin:/Users/bcm/.local/share/mise/installs/ripgrep/15.1.0/ripgrep-15.1.0-aarch64-apple-darwin:/Users/bcm/.local/share/mise/installs/gh/2.95.0/gh_2.95.0_macOS_arm64/bin:/Users/bcm/.local/share/mise/installs/awscli/2.35.11/.mise-bins:/Users/bcm/.local/share/mise/installs/op/2.34.1:/Users/bcm/.local/share/mise/installs/shellcheck/0.11.0/shellcheck-v0.11.0:/Users/bcm/.local/share/mise/installs/github-can1357-oh-my-pi/18.0.11:/Users/bcm/bin:/Users/bcm/.bun/bin:/Users/bcm/go/bin:/Users/bcm/.rbenv/shims:/Users/bcm/.config/emacs/bin:/opt/homebrew/opt/grep/libexec/gnubin:/Users/bcm/.volta/bin:/Users/bcm/.opam/playground/bin:/Users/bcm/bin:/Applications/cmux.app/Contents/Resources/bin:/Users/bcm/bin:/Users/bcm/.bun/bin:/Users/bcm/go/bin:/Users/bcm/.rbenv/shims:/Users/bcm/.config/emacs/bin:/opt/homebrew/opt/grep/libexec/gnubin:/Users/bcm/.volta/bin:/opt/local/bin:/opt/local/sbin:/opt/homebrew/bin:/opt/homebrew/sbin:/Applications/SnowSQL.app/Contents/MacOS:/usr/local/bin:/System/Cryptexes/App/usr/bin:/usr/bin:/bin:/usr/sbin:/sbin:/var/run/com.apple.security.cryptexd/codex.system/bootstrap/usr/local/bin:/var/run/com.apple.security.cryptexd/codex.system/bootstrap/usr/bin:/var/run/com.apple.security.cryptexd/codex.system/bootstrap/usr/appleinternal/bin:/Library/Apple/usr/bin:/Library/TeX/texbin:/usr/local/opt/liquibase:/Applications/quarto/bin:/Users/bcm/.cargo/bin:/Applications/Obsidian.app/Contents/MacOS:/Users/bcm/.orbstack/bin:/Users/bcm/bin:/Users/bcm/dv/TIC-80/build/bin:/Users/bcm/.cargo/bin:/Users/bcm/.cargo/bin:/Users/bcm/.babashka/bbin/bin:/Users/bcm/GoLang/src:/Users/bcm/.local/bin:/Users/bcm/.local/bin:/Users/bcm/dv/mb/metabase/bin:/Users/bcm/GoLang/bin:/Users/bcm/dv/TIC-80/build/bin:/Users/bcm/.cargo/bin:/Users/bcm/.cargo/bin:/Users/bcm/.babashka/bbin/bin:/Users/bcm/GoLang/src:/Users/bcm/.local/bin:/Users/bcm/.local/bin:/Users/bcm/dv/mb/metabase/bin:/Users/bcm/GoLang/bin:/Users/bcm/.deno/bin:/Users/bcm/Library/pnpm:/Users/bcm/.lmstudio/bin:/Users/bcm/.lmstudio/bin
++ LLL_URL=http://127.0.0.1:35353
++ target/.lisette/bin/lll issue view ENG-6 -w
+ out='Opening http://127.0.0.1:8100/issue/ENG-6'
+ assert_contains 'Opening http://127.0.0.1:8100/issue/ENG-6' 'Opening http://127.0.0.1:8100/issue/ENG-6' 'view -w announces the URL'
+ printf %s 'Opening http://127.0.0.1:8100/issue/ENG-6'
+ grep -F -- 'Opening http://127.0.0.1:8100/issue/ENG-6'
++ HOME=/var/folders/dw/_2dd8rzs1_1dvtbbt2tdsxy80000gn/T/tmp.o7F1FlOjs8/home
++ PATH=/var/folders/dw/_2dd8rzs1_1dvtbbt2tdsxy80000gn/T/tmp.o7F1FlOjs8/bin:/Users/bcm/.opam/playground/bin:/Users/bcm/dv/lll/target/.lisette/bin:/Users/bcm/bin:/Users/bcm/.local/share/mise/installs/go/1.27.0/bin:/Users/bcm/.local/share/mise/installs/jq/1.8.2:/Users/bcm/.local/share/mise/installs/node/22.13.1/bin:/Users/bcm/.local/share/mise/installs/pnpm/10.27.0:/Users/bcm/.local/share/mise/installs/yarn/1.22.22/bin:/Users/bcm/.local/share/mise/installs/java/temurin-21.0.9+10.0.LTS/bin:/Users/bcm/.local/share/mise/installs/clojure/1.12.3.1577/bin:/Users/bcm/.local/share/mise/installs/babashka/1.12.212:/Users/bcm/.local/share/mise/installs/bun/1.3.14/bin:/Users/bcm/.local/share/mise/installs/bat/0.26.1/bat-v0.26.1-aarch64-apple-darwin:/Users/bcm/.local/share/mise/installs/fzf/0.73.1:/Users/bcm/.local/share/mise/installs/fd/10.4.2/fd-v10.4.2-aarch64-apple-darwin:/Users/bcm/.local/share/mise/installs/ripgrep/15.1.0/ripgrep-15.1.0-aarch64-apple-darwin:/Users/bcm/.local/share/mise/installs/gh/2.95.0/gh_2.95.0_macOS_arm64/bin:/Users/bcm/.local/share/mise/installs/awscli/2.35.11/.mise-bins:/Users/bcm/.local/share/mise/installs/op/2.34.1:/Users/bcm/.local/share/mise/installs/shellcheck/0.11.0/shellcheck-v0.11.0:/Users/bcm/.local/share/mise/installs/github-can1357-oh-my-pi/18.0.11:/Users/bcm/bin:/Users/bcm/.bun/bin:/Users/bcm/go/bin:/Users/bcm/.rbenv/shims:/Users/bcm/.config/emacs/bin:/opt/homebrew/opt/grep/libexec/gnubin:/Users/bcm/.volta/bin:/Users/bcm/.opam/playground/bin:/Users/bcm/bin:/Applications/cmux.app/Contents/Resources/bin:/Users/bcm/bin:/Users/bcm/.bun/bin:/Users/bcm/go/bin:/Users/bcm/.rbenv/shims:/Users/bcm/.config/emacs/bin:/opt/homebrew/opt/grep/libexec/gnubin:/Users/bcm/.volta/bin:/opt/local/bin:/opt/local/sbin:/opt/homebrew/bin:/opt/homebrew/sbin:/Applications/SnowSQL.app/Contents/MacOS:/usr/local/bin:/System/Cryptexes/App/usr/bin:/usr/bin:/bin:/usr/sbin:/sbin:/var/run/com.apple.security.cryptexd/codex.system/bootstrap/usr/local/bin:/var/run/com.apple.security.cryptexd/codex.system/bootstrap/usr/bin:/var/run/com.apple.security.cryptexd/codex.system/bootstrap/usr/appleinternal/bin:/Library/Apple/usr/bin:/Library/TeX/texbin:/usr/local/opt/liquibase:/Applications/quarto/bin:/Users/bcm/.cargo/bin:/Applications/Obsidian.app/Contents/MacOS:/Users/bcm/.orbstack/bin:/Users/bcm/bin:/Users/bcm/dv/TIC-80/build/bin:/Users/bcm/.cargo/bin:/Users/bcm/.cargo/bin:/Users/bcm/.babashka/bbin/bin:/Users/bcm/GoLang/src:/Users/bcm/.local/bin:/Users/bcm/.local/bin:/Users/bcm/dv/mb/metabase/bin:/Users/bcm/GoLang/bin:/Users/bcm/dv/TIC-80/build/bin:/Users/bcm/.cargo/bin:/Users/bcm/.cargo/bin:/Users/bcm/.babashka/bbin/bin:/Users/bcm/GoLang/src:/Users/bcm/.local/bin:/Users/bcm/.local/bin:/Users/bcm/dv/mb/metabase/bin:/Users/bcm/GoLang/bin:/Users/bcm/.deno/bin:/Users/bcm/Library/pnpm:/Users/bcm/.lmstudio/bin:/Users/bcm/.lmstudio/bin
++ target/.lisette/bin/lll board -w
+ out='Opening http://127.0.0.1:8100'
+ assert_contains 'Opening http://127.0.0.1:8100' 'Opening http://127.0.0.1:8100' 'board -w announces the URL'
+ printf %s 'Opening http://127.0.0.1:8100'
+ grep -F -- 'Opening http://127.0.0.1:8100'
+ opened=
++ seq 1 100
+ for _ in $(seq 1 100)
++ cat /var/folders/dw/_2dd8rzs1_1dvtbbt2tdsxy80000gn/T/tmp.o7F1FlOjs8/opened.txt
++ true
+ opened=
+ case "$opened" in
+ sleep 0.1
+ for _ in $(seq 1 100)
++ cat /var/folders/dw/_2dd8rzs1_1dvtbbt2tdsxy80000gn/T/tmp.o7F1FlOjs8/opened.txt
++ true
+ opened=
+ case "$opened" in
+ sleep 0.1
+ for _ in $(seq 1 100)
++ cat /var/folders/dw/_2dd8rzs1_1dvtbbt2tdsxy80000gn/T/tmp.o7F1FlOjs8/opened.txt
++ true
+ opened=
+ case "$opened" in
+ sleep 0.1
+ for _ in $(seq 1 100)
++ cat /var/folders/dw/_2dd8rzs1_1dvtbbt2tdsxy80000gn/T/tmp.o7F1FlOjs8/opened.txt
++ true
+ opened=
+ case "$opened" in
+ sleep 0.1
+ for _ in $(seq 1 100)
++ cat /var/folders/dw/_2dd8rzs1_1dvtbbt2tdsxy80000gn/T/tmp.o7F1FlOjs8/opened.txt
++ true
+ opened=
+ case "$opened" in
+ sleep 0.1
+ for _ in $(seq 1 100)
++ cat /var/folders/dw/_2dd8rzs1_1dvtbbt2tdsxy80000gn/T/tmp.o7F1FlOjs8/opened.txt
+ opened='http://127.0.0.1:8100
http://127.0.0.1:8100/issue/ENG-6'
+ case "$opened" in
+ break
+ assert_contains 'http://127.0.0.1:8100
http://127.0.0.1:8100/issue/ENG-6' /issue/ENG-6 'view -w invoked the opener'
+ printf %s 'http://127.0.0.1:8100
http://127.0.0.1:8100/issue/ENG-6'
+ grep -F -- /issue/ENG-6
+ set +e
++ PATH=/nonexistent
++ LLL_URL=http://127.0.0.1:35353
++ target/.lisette/bin/lll issue pr ENG-6
+ out='Error: gh not found on PATH — install the GitHub CLI (brew install gh)'
+ rc=1
+ set -e
+ '[' 1 -ne 0 ']'
+ assert_contains 'Error: gh not found on PATH — install the GitHub CLI (brew install gh)' 'brew install gh' 'pr without gh names the fix'
+ printf %s 'Error: gh not found on PATH — install the GitHub CLI (brew install gh)'
+ grep -F -- 'brew install gh'
++ LLL_URL=http://127.0.0.1:35353
++ LLL_TEAM=ENG
++ target/.lisette/bin/lll issue list --limit 1
+ out='ENG-1  ○ todo    First engineering issue    just now'
++ printf '%s\n' 'ENG-1  ○ todo    First engineering issue    just now'
++ wc -l
++ tr -d ' '
+ '[' 1 = 1 ']'
+ set +e
++ LLL_URL=http://127.0.0.1:35353
++ target/.lisette/bin/lll issue list --limit 0
+ out='Error: --limit must be a positive integer, got 0'
+ rc=1
+ set -e
+ '[' 1 -ne 0 ']'
+ assert_contains 'Error: --limit must be a positive integer, got 0' '--limit must be a positive integer' 'invalid limit message'
+ printf %s 'Error: --limit must be a positive integer, got 0'
+ grep -F -- '--limit must be a positive integer'
+ set +e
++ LLL_URL=http://127.0.0.1:35353
++ target/.lisette/bin/lll issue list --limit abc
+ out='Error: --limit must be a positive integer, got '\''abc'\'''
+ rc=1
+ set -e
+ '[' 1 -ne 0 ']'
+ assert_contains 'Error: --limit must be a positive integer, got '\''abc'\''' '--limit must be a positive integer' 'non-numeric limit message'
+ printf %s 'Error: --limit must be a positive integer, got '\''abc'\'''
+ grep -F -- '--limit must be a positive integer'
+ set +e
++ LLL_URL=http://127.0.0.1:35353
++ LLL_TEAM=ENG
++ target/.lisette/bin/lll doc view nosuch
+ out='Error: no doc with slug '\''nosuch'\'' in ENG — see '\''lll doc list'\'''
+ rc=1
+ set -e
+ '[' 1 -ne 0 ']'
+ assert_contains 'Error: no doc with slug '\''nosuch'\'' in ENG — see '\''lll doc list'\''' 'no doc with slug '\''nosuch'\''' 'unknown doc message'
+ printf %s 'Error: no doc with slug '\''nosuch'\'' in ENG — see '\''lll doc list'\'''
+ grep -F -- 'no doc with slug '\''nosuch'\'''
+ assert_contains 'Error: no doc with slug '\''nosuch'\'' in ENG — see '\''lll doc list'\''' 'lll doc list' 'unknown doc names the fix'
+ printf %s 'Error: no doc with slug '\''nosuch'\'' in ENG — see '\''lll doc list'\'''
+ grep -F -- 'lll doc list'
++ printf 'The port plan.\n\nStep two.'
++ env LLL_URL=http://127.0.0.1:35353 LLL_TEAM=ENG target/.lisette/bin/lll doc new -s port-notes -t 'Port notes' -k wiki -b -
+ out='Created doc port-notes'
+ assert_contains 'Created doc port-notes' 'Created doc port-notes' 'doc new from stdin'
+ printf %s 'Created doc port-notes'
+ grep -F -- 'Created doc port-notes'
+ set +e
++ LLL_URL=http://127.0.0.1:35353
++ LLL_TEAM=ENG
++ target/.lisette/bin/lll doc new -s port-notes -t Again
+ out='Error: ENG already has a doc with slug '\''port-notes'\'' — see '\''lll doc view port-notes'\'' or '\''lll doc list'\'''
+ rc=1
+ set -e
+ '[' 1 -ne 0 ']'
+ assert_contains 'Error: ENG already has a doc with slug '\''port-notes'\'' — see '\''lll doc view port-notes'\'' or '\''lll doc list'\''' 'ENG already has a doc with slug '\''port-notes'\''' 'duplicate slug message names the team'
+ printf %s 'Error: ENG already has a doc with slug '\''port-notes'\'' — see '\''lll doc view port-notes'\'' or '\''lll doc list'\'''
+ grep -F -- 'ENG already has a doc with slug '\''port-notes'\'''
+ set +e
++ LLL_URL=http://127.0.0.1:35353
++ LLL_TEAM=ENG
++ target/.lisette/bin/lll doc new -s 'Bad Slug' -t x
+ out='Error: invalid slug '\''Bad Slug'\'' (use lowercase letters, digits and hyphens, starting and ending with a letter or digit, e.g. port-notes)'
+ rc=1
+ set -e
+ '[' 1 -ne 0 ']'
+ assert_contains 'Error: invalid slug '\''Bad Slug'\'' (use lowercase letters, digits and hyphens, starting and ending with a letter or digit, e.g. port-notes)' 'invalid slug '\''Bad Slug'\''' 'invalid slug message'
+ printf %s 'Error: invalid slug '\''Bad Slug'\'' (use lowercase letters, digits and hyphens, starting and ending with a letter or digit, e.g. port-notes)'
+ grep -F -- 'invalid slug '\''Bad Slug'\'''
++ printf 'raw finding body'
++ env LLL_URL=http://127.0.0.1:35353 LLL_TEAM=ENG target/.lisette/bin/lll doc new -s race-found -t 'Race found' -k finding -b -
+ out='Created doc race-found'
+ assert_contains 'Created doc race-found' 'Created doc race-found' 'doc new with kind finding'
+ printf %s 'Created doc race-found'
+ grep -F -- 'Created doc race-found'
++ LLL_URL=http://127.0.0.1:35353
++ LLL_TEAM=ENG
++ target/.lisette/bin/lll doc list
+ out='race-found	finding	Race found
port-notes	wiki	Port notes'
+ assert_contains 'race-found	finding	Race found
port-notes	wiki	Port notes' 'port-notes	wiki	Port notes' 'doc list shows slug, kind, title'
+ printf %s 'race-found	finding	Race found
port-notes	wiki	Port notes'
+ grep -F -- 'port-notes	wiki	Port notes'
+ assert_contains 'race-found	finding	Race found
port-notes	wiki	Port notes' 'race-found	finding	Race found' 'doc list shows second doc'
+ printf %s 'race-found	finding	Race found
port-notes	wiki	Port notes'
+ grep -F -- 'race-found	finding	Race found'
++ LLL_URL=http://127.0.0.1:35353
++ LLL_TEAM=ENG
++ target/.lisette/bin/lll doc view port-notes
+ out='port-notes Port notes

Kind:      wiki
Created:   just now
Updated:   just now

The port plan.

Step two.'
+ assert_contains 'port-notes Port notes

Kind:      wiki
Created:   just now
Updated:   just now

The port plan.

Step two.' 'port-notes Port notes' 'doc view header'
+ printf %s 'port-notes Port notes

Kind:      wiki
Created:   just now
Updated:   just now

The port plan.

Step two.'
+ grep -F -- 'port-notes Port notes'
+ assert_contains 'port-notes Port notes

Kind:      wiki
Created:   just now
Updated:   just now

The port plan.

Step two.' 'Kind:      wiki' 'doc view kind'
+ printf %s 'port-notes Port notes

Kind:      wiki
Created:   just now
Updated:   just now

The port plan.

Step two.'
+ grep -F -- 'Kind:      wiki'
+ assert_contains 'port-notes Port notes

Kind:      wiki
Created:   just now
Updated:   just now

The port plan.

Step two.' 'The port plan.' 'doc view body'
+ printf %s 'port-notes Port notes

Kind:      wiki
Created:   just now
Updated:   just now

The port plan.

Step two.'
+ grep -F -- 'The port plan.'
++ LLL_URL=http://127.0.0.1:35353
++ LLL_TEAM=ENG
++ target/.lisette/bin/lll doc view port-notes --raw
+ out='The port plan.

Step two.'
+ '[' 'The port plan.

Step two.' = 'The port plan.

Step two.' ']'
++ printf 'Replaced body'
++ env LLL_URL=http://127.0.0.1:35353 LLL_TEAM=ENG target/.lisette/bin/lll doc edit port-notes -b -
+ out='Updated doc port-notes'
+ assert_contains 'Updated doc port-notes' 'Updated doc port-notes' 'doc edit from stdin'
+ printf %s 'Updated doc port-notes'
+ grep -F -- 'Updated doc port-notes'
++ LLL_URL=http://127.0.0.1:35353
++ LLL_TEAM=ENG
++ target/.lisette/bin/lll doc view port-notes --raw
+ got='Replaced body'
+ '[' 'Replaced body' = 'Replaced body' ']'
++ LLL_URL=http://127.0.0.1:35353
++ target/.lisette/bin/lll issue view ENG-1 --json
++ jq -r .id
+ ENG1_ID=rvglpjl4fll9r2u
+ set +e
++ LLL_URL=http://127.0.0.1:35353
++ LLL_TEAM=ENG
++ target/.lisette/bin/lll issue link ENG-1 nosuch
+ out='Error: no doc with slug '\''nosuch'\'' in ENG — see '\''lll doc list'\'''
+ rc=1
+ set -e
+ '[' 1 -ne 0 ']'
+ assert_contains 'Error: no doc with slug '\''nosuch'\'' in ENG — see '\''lll doc list'\''' 'no doc with slug '\''nosuch'\''' 'link unknown doc names the fix'
+ printf %s 'Error: no doc with slug '\''nosuch'\'' in ENG — see '\''lll doc list'\'''
+ grep -F -- 'no doc with slug '\''nosuch'\'''
++ LLL_URL=http://127.0.0.1:35353
++ LLL_TEAM=ENG
++ target/.lisette/bin/lll issue link ENG-1 port-notes
+ out='Linked ENG-1 -> port-notes'
+ assert_contains 'Linked ENG-1 -> port-notes' 'Linked ENG-1 -> port-notes' 'issue link output'
+ printf %s 'Linked ENG-1 -> port-notes'
+ grep -F -- 'Linked ENG-1 -> port-notes'
++ LLL_URL=http://127.0.0.1:35353
++ LLL_TEAM=ENG
++ target/.lisette/bin/lll doc view port-notes
+ out='port-notes Port notes

Kind:      wiki
Created:   just now
Updated:   just now
Issues:    ENG-1

Replaced body'
+ assert_contains 'port-notes Port notes

Kind:      wiki
Created:   just now
Updated:   just now
Issues:    ENG-1

Replaced body' 'Issues:    ENG-1' 'doc view shows linked issue'
+ printf %s 'port-notes Port notes

Kind:      wiki
Created:   just now
Updated:   just now
Issues:    ENG-1

Replaced body'
+ grep -F -- 'Issues:    ENG-1'
++ LLL_URL=http://127.0.0.1:35353
++ target/.lisette/bin/lll issue view ENG-1
+ out='ENG-1 First engineering issue

State:     ○ todo
Priority:  none
Assignee:  none
Project:   none
Labels:    none
Docs:      port-notes
Created:   just now
Updated:   just now'
+ assert_contains 'ENG-1 First engineering issue

State:     ○ todo
Priority:  none
Assignee:  none
Project:   none
Labels:    none
Docs:      port-notes
Created:   just now
Updated:   just now' 'Docs:      port-notes' 'issue view shows linked doc'
+ printf %s 'ENG-1 First engineering issue

State:     ○ todo
Priority:  none
Assignee:  none
Project:   none
Labels:    none
Docs:      port-notes
Created:   just now
Updated:   just now'
+ grep -F -- 'Docs:      port-notes'
++ LLL_URL=http://127.0.0.1:35353
++ LLL_TEAM=ENG
++ target/.lisette/bin/lll doc view port-notes --json
++ jq -r '.issues[0]'
+ rid=rvglpjl4fll9r2u
+ '[' rvglpjl4fll9r2u = rvglpjl4fll9r2u ']'
++ LLL_URL=http://127.0.0.1:35353
++ LLL_TEAM=ENG
++ target/.lisette/bin/lll issue link ENG-1 port-notes
+ out='ENG-1 is already linked to port-notes'
+ assert_contains 'ENG-1 is already linked to port-notes' 'already linked' 'double link is idempotent'
+ printf %s 'ENG-1 is already linked to port-notes'
+ grep -F -- 'already linked'
++ LLL_URL=http://127.0.0.1:35353
++ LLL_TEAM=ENG
++ target/.lisette/bin/lll issue link ENG-2 port-notes
+ out='Linked ENG-2 -> port-notes'
+ assert_contains 'Linked ENG-2 -> port-notes' 'Linked ENG-2 -> port-notes' 'second issue links'
+ printf %s 'Linked ENG-2 -> port-notes'
+ grep -F -- 'Linked ENG-2 -> port-notes'
++ LLL_URL=http://127.0.0.1:35353
++ LLL_TEAM=ENG
++ target/.lisette/bin/lll issue unlink ENG-1 port-notes
+ out='Unlinked ENG-1 from port-notes'
+ assert_contains 'Unlinked ENG-1 from port-notes' 'Unlinked ENG-1 from port-notes' 'issue unlink output'
+ printf %s 'Unlinked ENG-1 from port-notes'
+ grep -F -- 'Unlinked ENG-1 from port-notes'
++ LLL_URL=http://127.0.0.1:35353
++ LLL_TEAM=ENG
++ target/.lisette/bin/lll doc view port-notes
+ out='port-notes Port notes

Kind:      wiki
Created:   just now
Updated:   just now
Issues:    ENG-2

Replaced body'
+ assert_contains 'port-notes Port notes

Kind:      wiki
Created:   just now
Updated:   just now
Issues:    ENG-2

Replaced body' ENG-2 'relinked doc shows ENG-2'
+ printf %s 'port-notes Port notes

Kind:      wiki
Created:   just now
Updated:   just now
Issues:    ENG-2

Replaced body'
+ grep -F -- ENG-2
+ assert_not_contains 'port-notes Port notes

Kind:      wiki
Created:   just now
Updated:   just now
Issues:    ENG-2

Replaced body' ENG-1 'relinked doc no longer shows ENG-1'
+ printf %s 'port-notes Port notes

Kind:      wiki
Created:   just now
Updated:   just now
Issues:    ENG-2

Replaced body'
+ grep -F -- ENG-1
+ true
+ set +e
++ LLL_URL=http://127.0.0.1:35353
++ LLL_TEAM=ENG
++ target/.lisette/bin/lll issue unlink ENG-1 port-notes
+ out='Error: ENG-1 is not linked to port-notes — see '\''lll doc view port-notes'\'''
+ rc=1
+ set -e
+ '[' 1 -ne 0 ']'
+ assert_contains 'Error: ENG-1 is not linked to port-notes — see '\''lll doc view port-notes'\''' 'is not linked to' 'unlink not-linked message'
+ printf %s 'Error: ENG-1 is not linked to port-notes — see '\''lll doc view port-notes'\'''
+ grep -F -- 'is not linked to'
++ LLL_URL=http://127.0.0.1:35353
++ LLL_TEAM=ENG
++ target/.lisette/bin/lll issue create -t 'Doc link fodder'
++ sed -n 's/^Created \([A-Z]*-[0-9]*\).*/\1/p'
+ key=ENG-11
+ '[' -n ENG-11 ']'
+ env LLL_URL=http://127.0.0.1:35353 LLL_TEAM=ENG target/.lisette/bin/lll issue link ENG-11 race-found
+ env LLL_URL=http://127.0.0.1:35353 target/.lisette/bin/lll issue delete ENG-11 --force
++ LLL_URL=http://127.0.0.1:35353
++ LLL_TEAM=ENG
++ target/.lisette/bin/lll doc view race-found --json
++ jq -r '.issues | length'
+ n=0
+ '[' 0 = 0 ']'
++ LLL_URL=http://127.0.0.1:35353
++ LLL_TEAM=ENG
++ target/.lisette/bin/lll doc view race-found
+ assert_contains 'race-found Race found

Kind:      finding
Created:   just now
Updated:   just now

raw finding body' 'race-found Race found' 'doc survives a linked issue'\''s deletion'
+ printf %s 'race-found Race found

Kind:      finding
Created:   just now
Updated:   just now

raw finding body'
+ grep -F -- 'race-found Race found'
++ printf 'Migrations are a merge hazard.'
++ env LLL_URL=http://127.0.0.1:35353 LLL_TEAM=ENG target/.lisette/bin/lll doc new -s migration-hazard -t 'Migration collisions' -k finding -a pb -p 'pb/pb_migrations, src/pb' -b -
+ out='Created doc migration-hazard'
+ assert_contains 'Created doc migration-hazard' 'Created doc migration-hazard' 'doc new takes area and paths'
+ printf %s 'Created doc migration-hazard'
+ grep -F -- 'Created doc migration-hazard'
++ LLL_URL=http://127.0.0.1:35353
++ LLL_TEAM=ENG
++ target/.lisette/bin/lll doc view migration-hazard
+ out='migration-hazard Migration collisions

Kind:      finding
Area:      pb
Paths:     pb/pb_migrations, src/pb
Created:   just now
Updated:   just now

Migrations are a merge hazard.'
+ assert_contains 'migration-hazard Migration collisions

Kind:      finding
Area:      pb
Paths:     pb/pb_migrations, src/pb
Created:   just now
Updated:   just now

Migrations are a merge hazard.' 'Kind:      finding' 'finding view shows kind'
+ printf %s 'migration-hazard Migration collisions

Kind:      finding
Area:      pb
Paths:     pb/pb_migrations, src/pb
Created:   just now
Updated:   just now

Migrations are a merge hazard.'
+ grep -F -- 'Kind:      finding'
+ assert_contains 'migration-hazard Migration collisions

Kind:      finding
Area:      pb
Paths:     pb/pb_migrations, src/pb
Created:   just now
Updated:   just now

Migrations are a merge hazard.' 'Area:      pb' 'finding view shows area'
+ printf %s 'migration-hazard Migration collisions

Kind:      finding
Area:      pb
Paths:     pb/pb_migrations, src/pb
Created:   just now
Updated:   just now

Migrations are a merge hazard.'
+ grep -F -- 'Area:      pb'
+ assert_contains 'migration-hazard Migration collisions

Kind:      finding
Area:      pb
Paths:     pb/pb_migrations, src/pb
Created:   just now
Updated:   just now

Migrations are a merge hazard.' 'Paths:     pb/pb_migrations, src/pb' 'finding view shows paths'
+ printf %s 'migration-hazard Migration collisions

Kind:      finding
Area:      pb
Paths:     pb/pb_migrations, src/pb
Created:   just now
Updated:   just now

Migrations are a merge hazard.'
+ grep -F -- 'Paths:     pb/pb_migrations, src/pb'
++ LLL_URL=http://127.0.0.1:35353
++ LLL_TEAM=ENG
++ target/.lisette/bin/lll finding near src/pb
+ out='migration-hazard	pb	Migration collisions'
+ assert_contains 'migration-hazard	pb	Migration collisions' migration-hazard 'finding near matches the exact path'
+ printf %s 'migration-hazard	pb	Migration collisions'
+ grep -F -- migration-hazard
++ LLL_URL=http://127.0.0.1:35353
++ LLL_TEAM=ENG
++ target/.lisette/bin/lll finding near src
+ out='migration-hazard	pb	Migration collisions'
+ assert_contains 'migration-hazard	pb	Migration collisions' migration-hazard 'finding near matches the parent directory'
+ printf %s 'migration-hazard	pb	Migration collisions'
+ grep -F -- migration-hazard
++ LLL_URL=http://127.0.0.1:35353
++ LLL_TEAM=ENG
++ target/.lisette/bin/lll finding near src/pb/up.lis
+ out='migration-hazard	pb	Migration collisions'
+ assert_contains 'migration-hazard	pb	Migration collisions' migration-hazard 'finding near matches a file inside a stored directory'
+ printf %s 'migration-hazard	pb	Migration collisions'
+ grep -F -- migration-hazard
++ LLL_URL=http://127.0.0.1:35353
++ LLL_TEAM=ENG
++ target/.lisette/bin/lll finding near web/templates
+ out='No findings for web/templates.'
+ assert_contains 'No findings for web/templates.' 'No findings for web/templates.' 'finding near with no match says so'
+ printf %s 'No findings for web/templates.'
+ grep -F -- 'No findings for web/templates.'
++ LLL_URL=http://127.0.0.1:35353
++ LLL_TEAM=ENG
++ target/.lisette/bin/lll finding list
+ out='migration-hazard	pb	Migration collisions
race-found	-	Race found'
+ assert_contains 'migration-hazard	pb	Migration collisions
race-found	-	Race found' 'migration-hazard	pb	Migration collisions' 'finding list prints slug, area, title'
+ printf %s 'migration-hazard	pb	Migration collisions
race-found	-	Race found'
+ grep -F -- 'migration-hazard	pb	Migration collisions'
++ LLL_URL=http://127.0.0.1:35353
++ LLL_TEAM=ENG
++ target/.lisette/bin/lll finding list --area pb
+ out='migration-hazard	pb	Migration collisions'
+ assert_contains 'migration-hazard	pb	Migration collisions' migration-hazard 'finding list --area matches'
+ printf %s 'migration-hazard	pb	Migration collisions'
+ grep -F -- migration-hazard
++ LLL_URL=http://127.0.0.1:35353
++ LLL_TEAM=ENG
++ target/.lisette/bin/lll finding list --area nothing
+ out='No findings.'
+ assert_contains 'No findings.' 'No findings.' 'finding list --area without a match'
+ printf %s 'No findings.'
+ grep -F -- 'No findings.'
+ env LLL_URL=http://127.0.0.1:35353 LLL_TEAM=ENG target/.lisette/bin/lll issue link ENG-1 race-found
++ LLL_URL=http://127.0.0.1:35353
++ target/.lisette/bin/lll issue view ENG-1
+ out='ENG-1 First engineering issue

State:     ○ todo
Priority:  none
Assignee:  none
Project:   none
Labels:    none
Docs:      race-found
Created:   just now
Updated:   just now

Related findings:

race-found (-) — Race found'
+ assert_contains 'ENG-1 First engineering issue

State:     ○ todo
Priority:  none
Assignee:  none
Project:   none
Labels:    none
Docs:      race-found
Created:   just now
Updated:   just now

Related findings:

race-found (-) — Race found' 'Related findings:' 'issue view has a related findings section'
+ printf %s 'ENG-1 First engineering issue

State:     ○ todo
Priority:  none
Assignee:  none
Project:   none
Labels:    none
Docs:      race-found
Created:   just now
Updated:   just now

Related findings:

race-found (-) — Race found'
+ grep -F -- 'Related findings:'
+ assert_contains 'ENG-1 First engineering issue

State:     ○ todo
Priority:  none
Assignee:  none
Project:   none
Labels:    none
Docs:      race-found
Created:   just now
Updated:   just now

Related findings:

race-found (-) — Race found' 'race-found (-) — Race found' 'a linked finding always shows'
+ printf %s 'ENG-1 First engineering issue

State:     ○ todo
Priority:  none
Assignee:  none
Project:   none
Labels:    none
Docs:      race-found
Created:   just now
Updated:   just now

Related findings:

race-found (-) — Race found'
+ grep -F -- 'race-found (-) — Race found'
+ LLL_URL=http://127.0.0.1:35353
+ LLL_TEAM=ENG
+ target/.lisette/bin/lll label create -n pb
+ env LLL_URL=http://127.0.0.1:35353 target/.lisette/bin/lll issue update ENG-1 --label pb
++ LLL_URL=http://127.0.0.1:35353
++ target/.lisette/bin/lll issue view ENG-1
+ out='ENG-1 First engineering issue

State:     ○ todo
Priority:  none
Assignee:  none
Project:   none
Labels:    pb
Docs:      race-found
Created:   just now
Updated:   just now

Related findings:

migration-hazard (pb) — Migration collisions
race-found (-) — Race found'
+ assert_contains 'ENG-1 First engineering issue

State:     ○ todo
Priority:  none
Assignee:  none
Project:   none
Labels:    pb
Docs:      race-found
Created:   just now
Updated:   just now

Related findings:

migration-hazard (pb) — Migration collisions
race-found (-) — Race found' 'migration-hazard (pb) — Migration collisions' 'an area-matched finding surfaces by label'
+ printf %s 'ENG-1 First engineering issue

State:     ○ todo
Priority:  none
Assignee:  none
Project:   none
Labels:    pb
Docs:      race-found
Created:   just now
Updated:   just now

Related findings:

migration-hazard (pb) — Migration collisions
race-found (-) — Race found'
+ grep -F -- 'migration-hazard (pb) — Migration collisions'
++ env LLL_URL=http://127.0.0.1:35353 target/.lisette/bin/lll issue view ENG-1 --raw
+ out='# ENG-1: First engineering issue

## Related findings

- migration-hazard (pb): Migration collisions
- race-found (-): Race found'
+ assert_contains '# ENG-1: First engineering issue

## Related findings

- migration-hazard (pb): Migration collisions
- race-found (-): Race found' '## Related findings' 'issue view --raw carries related findings'
+ printf %s '# ENG-1: First engineering issue

## Related findings

- migration-hazard (pb): Migration collisions
- race-found (-): Race found'
+ grep -F -- '## Related findings'
+ assert_contains '# ENG-1: First engineering issue

## Related findings

- migration-hazard (pb): Migration collisions
- race-found (-): Race found' '- migration-hazard (pb): Migration collisions' 'issue view --raw lists the finding'
+ printf %s '# ENG-1: First engineering issue

## Related findings

- migration-hazard (pb): Migration collisions
- race-found (-): Race found'
+ grep -F -- '- migration-hazard (pb): Migration collisions'
++ LLL_URL=http://127.0.0.1:35353
++ LLL_TEAM=OPS
++ target/.lisette/bin/lll doc new -s port-notes -t 'OPS port notes' -b 'ops body'
+ out='Created doc port-notes'
+ assert_contains 'Created doc port-notes' 'Created doc port-notes' 'two teams both hold a doc slugged port-notes'
+ printf %s 'Created doc port-notes'
+ grep -F -- 'Created doc port-notes'
++ LLL_URL=http://127.0.0.1:35353
++ LLL_TEAM=OPS
++ target/.lisette/bin/lll doc view port-notes --raw
+ out='ops body'
+ assert_contains 'ops body' 'ops body' 'doc view resolves inside the configured team'
+ printf %s 'ops body'
+ grep -F -- 'ops body'
++ LLL_URL=http://127.0.0.1:35353
++ LLL_TEAM=OPS
++ target/.lisette/bin/lll doc list
+ out='port-notes	wiki	OPS port notes'
+ assert_not_contains 'port-notes	wiki	OPS port notes' 'Port notes' 'doc list does not show the other team'\''s doc'
+ printf %s 'port-notes	wiki	OPS port notes'
+ grep -F -- 'Port notes'
+ true
+ env LLL_URL=http://127.0.0.1:35353 LLL_TEAM=OPS target/.lisette/bin/lll doc new -s ops-hazard -t 'OPS hazard' -k finding -a pb -p 'pb/pb_migrations, src/pb' -b ops
++ LLL_URL=http://127.0.0.1:35353
++ LLL_TEAM=ENG
++ target/.lisette/bin/lll finding near src/pb
+ out='migration-hazard	pb	Migration collisions'
+ assert_contains 'migration-hazard	pb	Migration collisions' migration-hazard 'finding near still finds this team'\''s finding'
+ printf %s 'migration-hazard	pb	Migration collisions'
+ grep -F -- migration-hazard
+ assert_not_contains 'migration-hazard	pb	Migration collisions' ops-hazard 'finding near never surfaces another team'\''s finding'
+ printf %s 'migration-hazard	pb	Migration collisions'
+ grep -F -- ops-hazard
+ true
++ LLL_URL=http://127.0.0.1:35353
++ LLL_TEAM=OPS
++ target/.lisette/bin/lll finding list
+ out='ops-hazard	pb	OPS hazard'
+ assert_not_contains 'ops-hazard	pb	OPS hazard' migration-hazard 'finding list is scoped too'
+ printf %s 'ops-hazard	pb	OPS hazard'
+ grep -F -- migration-hazard
+ true
+ set +e
++ env -u LLL_TEAM LLL_URL=http://127.0.0.1:35353 target/.lisette/bin/lll finding near src
+ out='Error: set LLL_TEAM or '\''team'\'' in .lll.toml to your team key (e.g. ENG)'
+ rc=1
+ set -e
+ '[' 1 -ne 0 ']'
+ assert_contains 'Error: set LLL_TEAM or '\''team'\'' in .lll.toml to your team key (e.g. ENG)' 'set LLL_TEAM' 'unscoped finding near names the fix'
+ printf %s 'Error: set LLL_TEAM or '\''team'\'' in .lll.toml to your team key (e.g. ENG)'
+ grep -F -- 'set LLL_TEAM'
+ set +e
++ LLL_URL=http://127.0.0.1:35353
++ LLL_TEAM=OPS
++ target/.lisette/bin/lll issue link ENG-1 port-notes
+ out='Error: ENG-1 is in ENG and doc '\''port-notes'\'' is in OPS — a link stays inside one team'
+ rc=1
+ set -e
+ '[' 1 -ne 0 ']'
+ assert_contains 'Error: ENG-1 is in ENG and doc '\''port-notes'\'' is in OPS — a link stays inside one team' 'a link stays inside one team' 'cross-team link is refused'
+ printf %s 'Error: ENG-1 is in ENG and doc '\''port-notes'\'' is in OPS — a link stays inside one team'
+ grep -F -- 'a link stays inside one team'
+ LLL_URL=http://127.0.0.1:35353
+ LLL_TEAM=OPS
+ target/.lisette/bin/lll label create -n pb
++ LLL_URL=http://127.0.0.1:35353
++ LLL_TEAM=ENG
++ target/.lisette/bin/lll label list
+ out='bug	#ff0000	ENG
chore		ENG
pb		ENG'
+ assert_contains 'bug	#ff0000	ENG
chore		ENG
pb		ENG' pb 'ENG still has its own pb label'
+ printf %s 'bug	#ff0000	ENG
chore		ENG
pb		ENG'
+ grep -F -- pb
++ curl -sf 'http://127.0.0.1:35353/api/collections/labels/records?perPage=200&expand=team'
++ jq -r '.items[] | select(.name == "pb" and .expand.team.key == "ENG") | .id'
+ eng_pb=bt0hil5a0ghm4su
++ LLL_URL=http://127.0.0.1:35353
++ LLL_TEAM=ENG
++ target/.lisette/bin/lll issue view ENG-1 --json
++ jq -r --arg id bt0hil5a0ghm4su '.labels | index($id) // "missing"'
+ got=0
+ '[' 0 '!=' missing ']'
++ curl -sf 'http://127.0.0.1:35353/api/collections/labels/records?perPage=200&expand=team'
++ jq -r '.items[] | select(.name == "pb" and .expand.team.key == "OPS") | .id'
+ ops_pb=td592bu83q52dbc
++ LLL_URL=http://127.0.0.1:35353
++ LLL_TEAM=ENG
++ target/.lisette/bin/lll issue view ENG-1 --json
++ jq -r --arg id td592bu83q52dbc '.labels | index($id) // "absent"'
+ got=absent
+ '[' absent = absent ']'
++ env LLL_URL=http://127.0.0.1:35353 target/.lisette/bin/lll issue view ENG-2 --raw
+ out='# ENG-2: Second engineering issue'
+ assert_not_contains '# ENG-2: Second engineering issue' 'Related findings' 'an issue with no matches renders no findings section'
+ printf %s '# ENG-2: Second engineering issue'
+ grep -F -- 'Related findings'
+ true
++ target/.lisette/bin/lll finding --help
+ out='lll finding - retrieve findings (docs with kind=finding) by area or path

Usage:
  lll finding near <path>          findings about a file or directory,
                                   matched by directory containment in both
                                   directions (a finding filed on '\''src/pb'\''
                                   answers both '\''near src'\'' and
                                   '\''near src/pb/records.lis'\'')
  lll finding list [--area X]      every finding, or one area'\''s, one line
                                   each (slug, area, title)

Both verbs answer for ONE team — the one LLL_TEAM or .lll.toml names. Every
project has a src/, so an unscoped answer would be another codebase'\''s.

Author findings with '\''lll doc new -k finding -a <area> -p "<paths>"'\''.
`area` is conventionally the NAME of an existing label: an issue whose labels
contain the area surfaces the finding — on its web page and in
'\''lll issue view'\''. `paths` is comma-separated file or directory paths, the
coordinates '\''lll finding near'\'' matches by.'
+ assert_contains 'lll finding - retrieve findings (docs with kind=finding) by area or path

Usage:
  lll finding near <path>          findings about a file or directory,
                                   matched by directory containment in both
                                   directions (a finding filed on '\''src/pb'\''
                                   answers both '\''near src'\'' and
                                   '\''near src/pb/records.lis'\'')
  lll finding list [--area X]      every finding, or one area'\''s, one line
                                   each (slug, area, title)

Both verbs answer for ONE team — the one LLL_TEAM or .lll.toml names. Every
project has a src/, so an unscoped answer would be another codebase'\''s.

Author findings with '\''lll doc new -k finding -a <area> -p "<paths>"'\''.
`area` is conventionally the NAME of an existing label: an issue whose labels
contain the area surfaces the finding — on its web page and in
'\''lll issue view'\''. `paths` is comma-separated file or directory paths, the
coordinates '\''lll finding near'\'' matches by.' 'lll finding near' 'finding --help mentions near'
+ printf %s 'lll finding - retrieve findings (docs with kind=finding) by area or path

Usage:
  lll finding near <path>          findings about a file or directory,
                                   matched by directory containment in both
                                   directions (a finding filed on '\''src/pb'\''
                                   answers both '\''near src'\'' and
                                   '\''near src/pb/records.lis'\'')
  lll finding list [--area X]      every finding, or one area'\''s, one line
                                   each (slug, area, title)

Both verbs answer for ONE team — the one LLL_TEAM or .lll.toml names. Every
project has a src/, so an unscoped answer would be another codebase'\''s.

Author findings with '\''lll doc new -k finding -a <area> -p "<paths>"'\''.
`area` is conventionally the NAME of an existing label: an issue whose labels
contain the area surfaces the finding — on its web page and in
'\''lll issue view'\''. `paths` is comma-separated file or directory paths, the
coordinates '\''lll finding near'\'' matches by.'
+ grep -F -- 'lll finding near'
+ assert_contains 'lll finding - retrieve findings (docs with kind=finding) by area or path

Usage:
  lll finding near <path>          findings about a file or directory,
                                   matched by directory containment in both
                                   directions (a finding filed on '\''src/pb'\''
                                   answers both '\''near src'\'' and
                                   '\''near src/pb/records.lis'\'')
  lll finding list [--area X]      every finding, or one area'\''s, one line
                                   each (slug, area, title)

Both verbs answer for ONE team — the one LLL_TEAM or .lll.toml names. Every
project has a src/, so an unscoped answer would be another codebase'\''s.

Author findings with '\''lll doc new -k finding -a <area> -p "<paths>"'\''.
`area` is conventionally the NAME of an existing label: an issue whose labels
contain the area surfaces the finding — on its web page and in
'\''lll issue view'\''. `paths` is comma-separated file or directory paths, the
coordinates '\''lll finding near'\'' matches by.' 'lll finding list' 'finding --help mentions list'
+ printf %s 'lll finding - retrieve findings (docs with kind=finding) by area or path

Usage:
  lll finding near <path>          findings about a file or directory,
                                   matched by directory containment in both
                                   directions (a finding filed on '\''src/pb'\''
                                   answers both '\''near src'\'' and
                                   '\''near src/pb/records.lis'\'')
  lll finding list [--area X]      every finding, or one area'\''s, one line
                                   each (slug, area, title)

Both verbs answer for ONE team — the one LLL_TEAM or .lll.toml names. Every
project has a src/, so an unscoped answer would be another codebase'\''s.

Author findings with '\''lll doc new -k finding -a <area> -p "<paths>"'\''.
`area` is conventionally the NAME of an existing label: an issue whose labels
contain the area surfaces the finding — on its web page and in
'\''lll issue view'\''. `paths` is comma-separated file or directory paths, the
coordinates '\''lll finding near'\'' matches by.'
+ grep -F -- 'lll finding list'
++ target/.lisette/bin/lll --help
+ out='lll - a Linear-style issue tracker

Usage:
  lll issue <command>     work with issues (see '\''lll issue --help'\'')
  lll team <command>      work with teams (see '\''lll team --help'\'')
  lll member <command>    work with members (see '\''lll member --help'\'')
  lll project <command>   work with projects (see '\''lll project --help'\'')
  lll label <command>     work with labels (see '\''lll label --help'\'')
  lll doc <command>       work with docs: wiki, findings, decisions, PRDs
                          (see '\''lll doc --help'\'')
  lll finding <command>   retrieve findings by area or path
                          (see '\''lll finding --help'\'')
  lll config <command>    manage configuration (see '\''lll config --help'\'')
  lll attach [-k KEY]     point this repo at a team, once, in a committed
                          .lll.toml (see '\''lll attach --help'\'')
  lll watch [flags]       live event stream for a query (see '\''lll watch --help'\'')
  lll up [--port 8100]    start PocketBase + web board together (see '\''lll up --help'\'')
  lll board [-w]          print the web board URL; -w opens it (see '\''lll board --help'\'')
  lll completions <shell> completion script for bash, zsh, or fish
                          (see '\''lll completions --help'\'')
  lll --version           print the version
  lll --help              show this help

Configuration (env > the repo'\''s .lll.toml > ~/.config/lll/lll.toml; the files
layer, each supplying the keys it names — '\''lll config --list'\'' shows which won):
  LLL_URL      PocketBase base URL (default http://127.0.0.1:8090)
  LLL_TEAM     default team key (e.g. ENG); scopes '\''issue list'\'', used by '\''issue create'\''
  LLL_SORT     default sort for '\''issue list'\'': created, updated, priority, number; prefix - to descend
  LLL_WEB_URL  web board base URL for '\''board'\'', '\''issue url'\'', '\''view -w'\'' (default http://127.0.0.1:8100)'
+ assert_contains 'lll - a Linear-style issue tracker

Usage:
  lll issue <command>     work with issues (see '\''lll issue --help'\'')
  lll team <command>      work with teams (see '\''lll team --help'\'')
  lll member <command>    work with members (see '\''lll member --help'\'')
  lll project <command>   work with projects (see '\''lll project --help'\'')
  lll label <command>     work with labels (see '\''lll label --help'\'')
  lll doc <command>       work with docs: wiki, findings, decisions, PRDs
                          (see '\''lll doc --help'\'')
  lll finding <command>   retrieve findings by area or path
                          (see '\''lll finding --help'\'')
  lll config <command>    manage configuration (see '\''lll config --help'\'')
  lll attach [-k KEY]     point this repo at a team, once, in a committed
                          .lll.toml (see '\''lll attach --help'\'')
  lll watch [flags]       live event stream for a query (see '\''lll watch --help'\'')
  lll up [--port 8100]    start PocketBase + web board together (see '\''lll up --help'\'')
  lll board [-w]          print the web board URL; -w opens it (see '\''lll board --help'\'')
  lll completions <shell> completion script for bash, zsh, or fish
                          (see '\''lll completions --help'\'')
  lll --version           print the version
  lll --help              show this help

Configuration (env > the repo'\''s .lll.toml > ~/.config/lll/lll.toml; the files
layer, each supplying the keys it names — '\''lll config --list'\'' shows which won):
  LLL_URL      PocketBase base URL (default http://127.0.0.1:8090)
  LLL_TEAM     default team key (e.g. ENG); scopes '\''issue list'\'', used by '\''issue create'\''
  LLL_SORT     default sort for '\''issue list'\'': created, updated, priority, number; prefix - to descend
  LLL_WEB_URL  web board base URL for '\''board'\'', '\''issue url'\'', '\''view -w'\'' (default http://127.0.0.1:8100)' 'lll finding' 'lll --help mentions finding'
+ printf %s 'lll - a Linear-style issue tracker

Usage:
  lll issue <command>     work with issues (see '\''lll issue --help'\'')
  lll team <command>      work with teams (see '\''lll team --help'\'')
  lll member <command>    work with members (see '\''lll member --help'\'')
  lll project <command>   work with projects (see '\''lll project --help'\'')
  lll label <command>     work with labels (see '\''lll label --help'\'')
  lll doc <command>       work with docs: wiki, findings, decisions, PRDs
                          (see '\''lll doc --help'\'')
  lll finding <command>   retrieve findings by area or path
                          (see '\''lll finding --help'\'')
  lll config <command>    manage configuration (see '\''lll config --help'\'')
  lll attach [-k KEY]     point this repo at a team, once, in a committed
                          .lll.toml (see '\''lll attach --help'\'')
  lll watch [flags]       live event stream for a query (see '\''lll watch --help'\'')
  lll up [--port 8100]    start PocketBase + web board together (see '\''lll up --help'\'')
  lll board [-w]          print the web board URL; -w opens it (see '\''lll board --help'\'')
  lll completions <shell> completion script for bash, zsh, or fish
                          (see '\''lll completions --help'\'')
  lll --version           print the version
  lll --help              show this help

Configuration (env > the repo'\''s .lll.toml > ~/.config/lll/lll.toml; the files
layer, each supplying the keys it names — '\''lll config --list'\'' shows which won):
  LLL_URL      PocketBase base URL (default http://127.0.0.1:8090)
  LLL_TEAM     default team key (e.g. ENG); scopes '\''issue list'\'', used by '\''issue create'\''
  LLL_SORT     default sort for '\''issue list'\'': created, updated, priority, number; prefix - to descend
  LLL_WEB_URL  web board base URL for '\''board'\'', '\''issue url'\'', '\''view -w'\'' (default http://127.0.0.1:8100)'
+ grep -F -- 'lll finding'
++ target/.lisette/bin/lll doc --help
+ out='lll doc - work with docs (wiki pages, findings, decisions, PRDs)

Usage:
  lll doc new -s "slug" -t "title" [-k kind] [-b "body"]
                                                  create a doc; -b - reads the body
                                                  from stdin
  lll doc list                                    list docs (slug, kind, title), one
                                                  line each
  lll doc view SLUG [--raw] [--json]              show one doc with its linked issues;
                                                  --raw prints only the body;
                                                  --json prints the raw record
  lll doc edit SLUG [-b "body"] [-t "title"] [-k kind]
                                                  replace fields (at least one flag);
                                                  -b - reads the whole body from stdin
  lll doc delete SLUG [--force]                   delete; asks [y/N] unless --force
Flags:
  -s       URL-safe name for the doc, e.g. port-notes
  -t       human-readable title
  -k       wiki (default), finding, decision, or prd
  -b       body text ('\''-b -'\'' reads it from stdin)
  -a       workspace area the doc is about — conventionally a label'\''s name,
           so issues carrying that label surface the doc
  -p       comma-separated file/directory paths the doc is about, e.g.
           src/pb, pb/pb_migrations ('\''lll finding near'\'' matches by them)
  --raw    print only the body, no chrome
  --json   raw PocketBase JSON (linked issues expanded), pipe-friendly
  --force  skip the delete confirmation

Every verb works inside ONE team — the one LLL_TEAM or .lll.toml names. A
slug is unique per team, so two projects sharing a server both get an
'\''index'\''; read the other one with LLL_TEAM=THEIRS lll doc view index.

Docs link to issues with '\''lll issue link KEY-123 SLUG'\'' and unlink with
'\''lll issue unlink KEY-123 SLUG'\'' (see '\''lll issue --help'\''). A link stays
inside one team: the doc and the issue must belong to the same one.

Findings surface by area and path, not by search: '\''lll finding near <path>'\''
lists what is filed about a file or directory, '\''lll finding list [--area X]'\''
lists one area. An issue page shows the findings whose area names one of its
labels (see '\''lll finding --help'\'').'
+ assert_contains 'lll doc - work with docs (wiki pages, findings, decisions, PRDs)

Usage:
  lll doc new -s "slug" -t "title" [-k kind] [-b "body"]
                                                  create a doc; -b - reads the body
                                                  from stdin
  lll doc list                                    list docs (slug, kind, title), one
                                                  line each
  lll doc view SLUG [--raw] [--json]              show one doc with its linked issues;
                                                  --raw prints only the body;
                                                  --json prints the raw record
  lll doc edit SLUG [-b "body"] [-t "title"] [-k kind]
                                                  replace fields (at least one flag);
                                                  -b - reads the whole body from stdin
  lll doc delete SLUG [--force]                   delete; asks [y/N] unless --force
Flags:
  -s       URL-safe name for the doc, e.g. port-notes
  -t       human-readable title
  -k       wiki (default), finding, decision, or prd
  -b       body text ('\''-b -'\'' reads it from stdin)
  -a       workspace area the doc is about — conventionally a label'\''s name,
           so issues carrying that label surface the doc
  -p       comma-separated file/directory paths the doc is about, e.g.
           src/pb, pb/pb_migrations ('\''lll finding near'\'' matches by them)
  --raw    print only the body, no chrome
  --json   raw PocketBase JSON (linked issues expanded), pipe-friendly
  --force  skip the delete confirmation

Every verb works inside ONE team — the one LLL_TEAM or .lll.toml names. A
slug is unique per team, so two projects sharing a server both get an
'\''index'\''; read the other one with LLL_TEAM=THEIRS lll doc view index.

Docs link to issues with '\''lll issue link KEY-123 SLUG'\'' and unlink with
'\''lll issue unlink KEY-123 SLUG'\'' (see '\''lll issue --help'\''). A link stays
inside one team: the doc and the issue must belong to the same one.

Findings surface by area and path, not by search: '\''lll finding near <path>'\''
lists what is filed about a file or directory, '\''lll finding list [--area X]'\''
lists one area. An issue page shows the findings whose area names one of its
labels (see '\''lll finding --help'\'').' -a 'doc --help mentions the area flag'
+ printf %s 'lll doc - work with docs (wiki pages, findings, decisions, PRDs)

Usage:
  lll doc new -s "slug" -t "title" [-k kind] [-b "body"]
                                                  create a doc; -b - reads the body
                                                  from stdin
  lll doc list                                    list docs (slug, kind, title), one
                                                  line each
  lll doc view SLUG [--raw] [--json]              show one doc with its linked issues;
                                                  --raw prints only the body;
                                                  --json prints the raw record
  lll doc edit SLUG [-b "body"] [-t "title"] [-k kind]
                                                  replace fields (at least one flag);
                                                  -b - reads the whole body from stdin
  lll doc delete SLUG [--force]                   delete; asks [y/N] unless --force
Flags:
  -s       URL-safe name for the doc, e.g. port-notes
  -t       human-readable title
  -k       wiki (default), finding, decision, or prd
  -b       body text ('\''-b -'\'' reads it from stdin)
  -a       workspace area the doc is about — conventionally a label'\''s name,
           so issues carrying that label surface the doc
+ grep -F -- -a
  -p       comma-separated file/directory paths the doc is about, e.g.
           src/pb, pb/pb_migrations ('\''lll finding near'\'' matches by them)
  --raw    print only the body, no chrome
  --json   raw PocketBase JSON (linked issues expanded), pipe-friendly
  --force  skip the delete confirmation

Every verb works inside ONE team — the one LLL_TEAM or .lll.toml names. A
slug is unique per team, so two projects sharing a server both get an
'\''index'\''; read the other one with LLL_TEAM=THEIRS lll doc view index.

Docs link to issues with '\''lll issue link KEY-123 SLUG'\'' and unlink with
'\''lll issue unlink KEY-123 SLUG'\'' (see '\''lll issue --help'\''). A link stays
inside one team: the doc and the issue must belong to the same one.

Findings surface by area and path, not by search: '\''lll finding near <path>'\''
lists what is filed about a file or directory, '\''lll finding list [--area X]'\''
lists one area. An issue page shows the findings whose area names one of its
labels (see '\''lll finding --help'\'').'
+ assert_contains 'lll doc - work with docs (wiki pages, findings, decisions, PRDs)

Usage:
  lll doc new -s "slug" -t "title" [-k kind] [-b "body"]
                                                  create a doc; -b - reads the body
                                                  from stdin
  lll doc list                                    list docs (slug, kind, title), one
                                                  line each
  lll doc view SLUG [--raw] [--json]              show one doc with its linked issues;
                                                  --raw prints only the body;
                                                  --json prints the raw record
  lll doc edit SLUG [-b "body"] [-t "title"] [-k kind]
                                                  replace fields (at least one flag);
                                                  -b - reads the whole body from stdin
  lll doc delete SLUG [--force]                   delete; asks [y/N] unless --force
Flags:
  -s       URL-safe name for the doc, e.g. port-notes
  -t       human-readable title
  -k       wiki (default), finding, decision, or prd
  -b       body text ('\''-b -'\'' reads it from stdin)
  -a       workspace area the doc is about — conventionally a label'\''s name,
           so issues carrying that label surface the doc
  -p       comma-separated file/directory paths the doc is about, e.g.
           src/pb, pb/pb_migrations ('\''lll finding near'\'' matches by them)
  --raw    print only the body, no chrome
  --json   raw PocketBase JSON (linked issues expanded), pipe-friendly
  --force  skip the delete confirmation

Every verb works inside ONE team — the one LLL_TEAM or .lll.toml names. A
slug is unique per team, so two projects sharing a server both get an
'\''index'\''; read the other one with LLL_TEAM=THEIRS lll doc view index.

Docs link to issues with '\''lll issue link KEY-123 SLUG'\'' and unlink with
'\''lll issue unlink KEY-123 SLUG'\'' (see '\''lll issue --help'\''). A link stays
inside one team: the doc and the issue must belong to the same one.

Findings surface by area and path, not by search: '\''lll finding near <path>'\''
lists what is filed about a file or directory, '\''lll finding list [--area X]'\''
lists one area. An issue page shows the findings whose area names one of its
labels (see '\''lll finding --help'\'').' -p 'doc --help mentions the paths flag'
+ printf %s 'lll doc - work with docs (wiki pages, findings, decisions, PRDs)

Usage:
  lll doc new -s "slug" -t "title" [-k kind] [-b "body"]
                                                  create a doc; -b - reads the body
                                                  from stdin
  lll doc list                                    list docs (slug, kind, title), one
                                                  line each
  lll doc view SLUG [--raw] [--json]              show one doc with its linked issues;
                                                  --raw prints only the body;
                                                  --json prints the raw record
  lll doc edit SLUG [-b "body"] [-t "title"] [-k kind]
                                                  replace fields (at least one flag);
                                                  -b - reads the whole body from stdin
  lll doc delete SLUG [--force]                   delete; asks [y/N] unless --force
Flags:
  -s       URL-safe name for the doc, e.g. port-notes
  -t       human-readable title
  -k       wiki (default), finding, decision, or prd
  -b       body text ('\''-b -'\'' reads it from stdin)
  -a       workspace area the doc is about — conventionally a label'\''s name,
           so issues carrying that label surface the doc
  -p       comma-separated file/directory paths the doc is about, e.g.
           src/pb, pb/pb_migrations ('\''lll finding near'\'' matches by them)
  --raw    print only the body, no chrome
  --json   raw PocketBase JSON (linked issues expanded), pipe-friendly
  --force  skip the delete confirmation

Every verb works inside ONE team — the one LLL_TEAM or .lll.toml names. A
slug is unique per team, so two projects sharing a server both get an
'\''index'\''; read the other one with LLL_TEAM=THEIRS lll doc view index.

Docs link to issues with '\''lll issue link KEY-123 SLUG'\'' and unlink with
'\''lll issue unlink KEY-123 SLUG'\'' (see '\''lll issue --help'\''). A link stays
inside one team: the doc and the issue must belong to the same one.

Findings surface by area and path, not by search: '\''lll finding near <path>'\''
lists what is filed about a file or directory, '\''lll finding list [--area X]'\''
lists one area. An issue page shows the findings whose area names one of its
labels (see '\''lll finding --help'\'').'
+ grep -F -- -p
+ REC=/var/folders/dw/_2dd8rzs1_1dvtbbt2tdsxy80000gn/T/tmp.o7F1FlOjs8/auth-header.txt
++ free_port 20000 39999
++ python3 -c '
import random, socket, sys
lo, hi = int(sys.argv[1]), int(sys.argv[2])
for _ in range(200):
    p = random.randint(lo, hi)
    s = socket.socket()
    try:
        s.bind(("127.0.0.1", p))
    except OSError:
        continue
    finally:
        s.close()
    print(p)
    sys.exit(0)
sys.exit("no free port in range")
' 20000 39999
+ SPY_PORT=36019
+ SPY_PID=49382
+ sleep 0.5
+ python3 -c '
import http.server, socketserver, sys
port, rec = int(sys.argv[1]), sys.argv[2]
class H(http.server.BaseHTTPRequestHandler):
    def do_GET(self):
        with open(rec, '\''a'\'') as f:
            f.write(self.headers.get('\''Authorization'\'', '\''<none>'\'') + chr(10))
        body = b'\''{items:[],totalItems:0,page:1,perPage:200}'\''
        self.send_response(200)
        self.send_header('\''Content-Type'\'', '\''application/json'\'')
        self.send_header('\''Content-Length'\'', str(len(body)))
        self.end_headers()
        self.wfile.write(body)
    def log_message(self, *a): pass
socketserver.TCPServer(('\''127.0.0.1'\'', port), H).serve_forever()
' 36019 /var/folders/dw/_2dd8rzs1_1dvtbbt2tdsxy80000gn/T/tmp.o7F1FlOjs8/auth-header.txt
++ LLL_URL=http://127.0.0.1:36019
++ LLL_TOKEN=spy-token-123
++ target/.lisette/bin/lll team list
+ out='Error: decoding teams: invalid character '\''i'\'' looking for beginning of object key string'
+ cleanup
+ kill 48607
+ e2e_end
+ '[' '' '!=' 1 ']'
+ rm -f .lll.toml
+ rm -rf /var/folders/dw/_2dd8rzs1_1dvtbbt2tdsxy80000gn/T/tmp.o7F1FlOjs8
----------------------------------------
Exception occurred during processing of request from ('127.0.0.1', 58768)
Traceback (most recent call last):
  File "/opt/homebrew/Cellar/python@3.14/3.14.7/Frameworks/Python.framework/Versions/3.14/lib/python3.14/socketserver.py", line 318, in _handle_request_noblock
    self.process_request(request, client_address)
    ~~~~~~~~~~~~~~~~~~~~^^^^^^^^^^^^^^^^^^^^^^^^^
  File "/opt/homebrew/Cellar/python@3.14/3.14.7/Frameworks/Python.framework/Versions/3.14/lib/python3.14/socketserver.py", line 349, in process_request
    self.finish_request(request, client_address)
    ~~~~~~~~~~~~~~~~~~~^^^^^^^^^^^^^^^^^^^^^^^^^
  File "/opt/homebrew/Cellar/python@3.14/3.14.7/Frameworks/Python.framework/Versions/3.14/lib/python3.14/socketserver.py", line 362, in finish_request
    self.RequestHandlerClass(request, client_address, self)
    ~~~~~~~~~~~~~~~~~~~~~~~~^^^^^^^^^^^^^^^^^^^^^^^^^^^^^^^
  File "/opt/homebrew/Cellar/python@3.14/3.14.7/Frameworks/Python.framework/Versions/3.14/lib/python3.14/socketserver.py", line 766, in __init__
    self.handle()
    ~~~~~~~~~~~^^
  File "/opt/homebrew/Cellar/python@3.14/3.14.7/Frameworks/Python.framework/Versions/3.14/lib/python3.14/http/server.py", line 500, in handle
    self.handle_one_request()
    ~~~~~~~~~~~~~~~~~~~~~~~^^
  File "/opt/homebrew/Cellar/python@3.14/3.14.7/Frameworks/Python.framework/Versions/3.14/lib/python3.14/http/server.py", line 488, in handle_one_request
    method()
    ~~~~~~^^
  File "<string>", line 6, in do_GET
    with open(rec, 'a') as f:
         ~~~~^^^^^^^^^^
FileNotFoundError: [Errno 2] No such file or directory: '/var/folders/dw/_2dd8rzs1_1dvtbbt2tdsxy80000gn/T/tmp.o7F1FlOjs8/auth-header.txt'
----------------------------------------
